﻿<?xml version="1.0" encoding="UTF-8"?><SLA Version="1.0"><TxList><Tx>Performance-Create</Tx><Tx>Performance-Delete-account</Tx><Tx>Performance-Delete-credential</Tx><Tx>vuser_end_Transaction</Tx><Tx>Performance-Create-Credential</Tx><Tx>vuser_init_Transaction</Tx><Tx>Performance-List</Tx><Tx>Performance-Login</Tx><Tx>Action_Transaction</Tx></TxList><SLARules><TrackingPeriodType>Default</TrackingPeriodType><TrackingPeriodValue></TrackingPeriodValue><TrackingPeriodTimeScale></TrackingPeriodTimeScale></SLARules></SLA>