{
  "FilterHeaders": [
    {
      "Header": "x-requested-with",
      "IncludeInScript": false
    },
    {
      "Header": "x-goog-update-updater",
      "IncludeInScript": false
    },
    {
      "Header": "x-goog-update-interactivity",
      "IncludeInScript": false
    },
    {
      "Header": "x-goog-update-appid",
      "IncludeInScript": false
    },
    {
      "Header": "x-goog-encode-response-if-executable",
      "IncludeInScript": false
    },
    {
      "Header": "x-goog-api-key",
      "IncludeInScript": false
    },
    {
      "Header": "user-agent",
      "IncludeInScript": false
    },
    {
      "Header": "upgrade-insecure-requests",
      "IncludeInScript": false
    },
    {
      "Header": "service-worker",
      "IncludeInScript": false
    },
    {
      "Header": "sec-fetch-user",
      "IncludeInScript": false
    },
    {
      "Header": "sec-fetch-site",
      "IncludeInScript": false
    },
    {
      "Header": "sec-fetch-mode",
      "IncludeInScript": false
    },
    {
      "Header": "sec-fetch-dest",
      "IncludeInScript": false
    },
    {
      "Header": "sec-ch-ua-platform",
      "IncludeInScript": false
    },
    {
      "Header": "sec-ch-ua-mobile",
      "IncludeInScript": false
    },
    {
      "Header": "sec-ch-ua",
      "IncludeInScript": false
    },
    {
      "Header": "purpose",
      "IncludeInScript": false
    },
    {
      "Header": "origin",
      "IncludeInScript": false
    },
    {
      "Header": "cache-control",
      "IncludeInScript": false
    },
    {
      "Header": "accept-language",
      "IncludeInScript": false
    },
    {
      "Header": "accept-encoding",
      "IncludeInScript": false
    },
    {
      "Header": "accept",
      "IncludeInScript": false
    }
  ],
  "FilterResources": [
    {
      "IsNonResource": false,
      "type": "text/plain"
    },
    {
      "IsNonResource": true,
      "type": "text/html"
    },
    {
      "IsNonResource": false,
      "type": "text/css"
    },
    {
      "IsNonResource": false,
      "type": "image/webp"
    },
    {
      "IsNonResource": false,
      "type": "image/jpeg"
    },
    {
      "IsNonResource": false,
      "type": "font/woff2"
    },
    {
      "IsNonResource": true,
      "type": "application/json"
    },
    {
      "IsNonResource": false,
      "type": "application/javascript"
    }
  ],
  "GeneralInfo": {
    "BrowserVersion": "",
    "IsWinInetMode": false,
    "MaxUsedConnections": 26,
    "RecordedBrowser": "Chrome",
    "RecordingDate": "abr.-12-2024",
    "RecordingDuration": 114922,
    "RecordingMode": "N/A",
    "RecordingTimeStamp": 1712886647,
    "RecordingType": "Browser",
    "TotalBytesReceived": 8252922,
    "TotalBytesSent": 93071,
    "TotalRequests": 123,
    "UserAgent": "Mozilla/5.0 (Windows NT 10.0; Win64; x64) AppleWebKit/537.36 (KHTML, like Gecko) Chrome/123.0.0.0 Safari/537.36"
  },
  "HostInfo": [
    {
      "DomainName": "webpushr.com",
      "Domains": [
        {
          "HTTPVersion": "HTTP/1.1",
          "IP": "159.203.117.170",
          "IncludeInScript": true,
          "Name": "cdn.webpushr.com",
          "Port": 443,
          "Requests": [
            {
              "CompressionType": "",
              "DataType": "image/jpeg",
              "DownloadTime": 93,
              "EventId": 2730,
              "HttpStatus": 200,
              "Size": 25007,
              "URL": "https://cdn.webpushr.com/siteassets/v9gXmgAzrZ.jpeg"
            },
            {
              "CompressionType": "",
              "DataType": "application/javascript",
              "DownloadTime": 79,
              "EventId": 2590,
              "HttpStatus": 200,
              "Size": 6654,
              "URL": "https://cdn.webpushr.com/sw-server.min.js"
            },
            {
              "CompressionType": "gzip",
              "DataType": "application/javascript",
              "DownloadTime": 79,
              "EventId": 2512,
              "HttpStatus": 200,
              "Size": 44220,
              "URL": "https://cdn.webpushr.com/app.min.js"
            }
          ],
          "SSLCipher": "ECDHE-RSA-AES256-GCM-SHA384",
          "SSLVersion": "TLS1.2"
        },
        {
          "HTTPVersion": "HTTP/1.1",
          "IP": "174.138.88.94",
          "IncludeInScript": true,
          "Name": "bot.webpushr.com",
          "Port": 443,
          "Requests": [
            {
              "CompressionType": "gzip",
              "DataType": "text/html",
              "DownloadTime": 78,
              "EventId": 2670,
              "HttpStatus": 200,
              "Size": 10161,
              "URL": "https://bot.webpushr.com/prompt/get_info"
            }
          ],
          "SSLCipher": "ECDHE-RSA-AES256-GCM-SHA384",
          "SSLVersion": "TLS1.2"
        },
        {
          "HTTPVersion": "HTTP/1.1",
          "IP": "104.248.12.51",
          "IncludeInScript": true,
          "Name": "analytics.webpushr.com",
          "Port": 443,
          "Requests": [
            {
              "CompressionType": "gzip",
              "DataType": "text/html",
              "DownloadTime": 93,
              "EventId": 2814,
              "HttpStatus": 200,
              "Size": 0,
              "URL": "https://analytics.webpushr.com/impression/prompt"
            },
            {
              "CompressionType": "gzip",
              "DataType": "text/html",
              "DownloadTime": 78,
              "EventId": 2719,
              "HttpStatus": 200,
              "Size": 0,
              "URL": "https://analytics.webpushr.com/impression/prompt"
            },
            {
              "CompressionType": "gzip",
              "DataType": "text/html",
              "DownloadTime": 78,
              "EventId": 2699,
              "HttpStatus": 200,
              "Size": 0,
              "URL": "https://analytics.webpushr.com/impression/session"
            }
          ],
          "SSLCipher": "ECDHE-RSA-AES256-GCM-SHA384",
          "SSLVersion": "TLS1.2"
        }
      ],
      "IncludeInScript": true
    },
    {
      "DomainName": "gvt2.com",
      "Domains": [
        {
          "HTTPVersion": "HTTP/1.1",
          "IP": "172.217.3.131",
          "IncludeInScript": true,
          "Name": "beacons.gcp.gvt2.com",
          "Port": 443,
          "Requests": [
            {
              "CompressionType": "",
              "DataType": "application/javascript",
              "DownloadTime": 62,
              "EventId": 2840,
              "HttpStatus": 200,
              "Size": 0,
              "URL": "https://beacons.gcp.gvt2.com/domainreliability/upload"
            }
          ],
          "SSLCipher": "TLS_AES_256_GCM_SHA384",
          "SSLVersion": "TLS1.3"
        }
      ],
      "IncludeInScript": true
    },
    {
      "DomainName": "googleapis.com",
      "Domains": [
        {
          "HTTPVersion": "HTTP/1.1",
          "IP": "192.178.56.3",
          "IncludeInScript": true,
          "Name": "update.googleapis.com",
          "Port": 443,
          "Requests": [
            {
              "CompressionType": "gzip",
              "DataType": "application/json",
              "DownloadTime": 78,
              "EventId": 2823,
              "HttpStatus": 200,
              "Size": 3673,
              "URL": "https://update.googleapis.com/service/update2/json?cup2key=14:Q8ehF29mFVmB5KLSyAxK7gxEqUI-O9qanNv6wnQAmQM&cup2hreq=775f0a2c551239a6a277bab7f12f0f26812e0ca3f80ce62433ba122a5730de2e"
            }
          ],
          "SSLCipher": "TLS_AES_256_GCM_SHA384",
          "SSLVersion": "TLS1.3"
        },
        {
          "HTTPVersion": "HTTP/1.1",
          "IP": "142.251.34.42",
          "IncludeInScript": true,
          "Name": "content-autofill.googleapis.com",
          "Port": 443,
          "Requests": [
            {
              "CompressionType": "gzip",
              "DataType": "text/plain",
              "DownloadTime": 63,
              "EventId": 2510,
              "HttpStatus": 200,
              "Size": 76,
              "URL": "https://content-autofill.googleapis.com/v1/pages/ChVDaHJvbWUvMTIzLjAuNjMxMi4xMDcSGQnjFemd-Nrk9hIFDULauvchHR2Oky1DQF0SIAkHTLnezRl6kxIFDXhvEhkSBQ3OQUx6ISJyyOgA90SpEhkJTipy9SV1F30SBQ2apPEJIc4BXnHb30D5?alt=proto"
            }
          ],
          "SSLCipher": "TLS_AES_256_GCM_SHA384",
          "SSLVersion": "TLS1.3"
        }
      ],
      "IncludeInScript": true
    },
    {
      "DomainName": "garbarino.com",
      "Domains": [
        {
          "HTTPVersion": "HTTP/1.1",
          "IP": "3.213.161.229",
          "IncludeInScript": true,
          "Name": "www.garbarino.com",
          "Port": 443,
          "Requests": [
            {
              "CompressionType": "",
              "DataType": "application/json",
              "DownloadTime": 78,
              "EventId": 2910,
              "HttpStatus": 200,
              "Size": 59,
              "URL": "https://www.garbarino.com/api/catalog/product-upsells/20e16b85-a660-4d74-b87e-c9cecb9de043"
            },
            {
              "CompressionType": "gzip",
              "DataType": "application/json",
              "DownloadTime": 312,
              "EventId": 2907,
              "HttpStatus": 200,
              "Size": 47635,
              "URL": "https://www.garbarino.com/api/cart/item"
            },
            {
              "CompressionType": "gzip",
              "DataType": "application/json",
              "DownloadTime": 406,
              "EventId": 2843,
              "HttpStatus": 200,
              "Size": 320895,
              "URL": "https://www.garbarino.com/api/catalog/product/20e16b85-a660-4d74-b87e-c9cecb9de043"
            },
            {
              "CompressionType": "gzip",
              "DataType": "application/json",
              "DownloadTime": 859,
              "EventId": 2770,
              "HttpStatus": 200,
              "Size": 472080,
              "URL": "https://www.garbarino.com/api/catalog/shop"
            },
            {
              "CompressionType": "",
              "DataType": "application/javascript",
              "DownloadTime": 78,
              "EventId": 2565,
              "HttpStatus": 200,
              "Size": 60,
              "URL": "https://www.garbarino.com/webpushr-sw.js"
            },
            {
              "CompressionType": "gzip",
              "DataType": "text/html",
              "DownloadTime": 1125,
              "EventId": 2259,
              "HttpStatus": 200,
              "Size": 2278715,
              "URL": "https://www.garbarino.com/"
            }
          ],
          "SSLCipher": "TLS_AES_256_GCM_SHA384",
          "SSLVersion": "TLS1.3"
        }
      ],
      "IncludeInScript": true
    },
    {
      "DomainName": "cloudfront.net",
      "Domains": [
        {
          "HTTPVersion": "HTTP/1.1",
          "IP": "18.160.168.135",
          "IncludeInScript": true,
          "Name": "d2eebw31vcx88p.cloudfront.net",
          "Port": 443,
          "Requests": [
            {
              "CompressionType": "",
              "DataType": "image/webp",
              "DownloadTime": 78,
              "EventId": 2889,
              "HttpStatus": 200,
              "Size": 88336,
              "URL": "https://d2eebw31vcx88p.cloudfront.net/garbarino/uploads/ac2ec8694c6c0ffed9ce6f9405de4d0bfede70a0.jpg.webp"
            },
            {
              "CompressionType": "",
              "DataType": "image/webp",
              "DownloadTime": 63,
              "EventId": 2887,
              "HttpStatus": 200,
              "Size": 60958,
              "URL": "https://d2eebw31vcx88p.cloudfront.net/garbarino/uploads/73fe98cd3dd621d4e97ad1445059d1c238675cb0.jpg.webp"
            },
            {
              "CompressionType": "",
              "DataType": "image/webp",
              "DownloadTime": 62,
              "EventId": 2883,
              "HttpStatus": 200,
              "Size": 44578,
              "URL": "https://d2eebw31vcx88p.cloudfront.net/garbarino/uploads/26c2e1e67403fa1b443c63bffba4057d34de9a6f.jpg.webp"
            },
            {
              "CompressionType": "",
              "DataType": "image/webp",
              "DownloadTime": 62,
              "EventId": 2881,
              "HttpStatus": 200,
              "Size": 87636,
              "URL": "https://d2eebw31vcx88p.cloudfront.net/garbarino/uploads/0aea5e93d943ce3224bed36bf1df4a7d5075fbcc.jpg.webp"
            },
            {
              "CompressionType": "",
              "DataType": "image/webp",
              "DownloadTime": 47,
              "EventId": 2875,
              "HttpStatus": 200,
              "Size": 42192,
              "URL": "https://d2eebw31vcx88p.cloudfront.net/garbarino/uploads/0039f21c21b8e66edf94e60ba5b1032db4563196.jpg.webp"
            },
            {
              "CompressionType": "",
              "DataType": "image/webp",
              "DownloadTime": 62,
              "EventId": 2871,
              "HttpStatus": 200,
              "Size": 3768,
              "URL": "https://d2eebw31vcx88p.cloudfront.net/garbarino/uploads/7b56eac94fb38453ffb54453e91b78a3c6296676.jpg.webp"
            },
            {
              "CompressionType": "",
              "DataType": "image/webp",
              "DownloadTime": 47,
              "EventId": 2868,
              "HttpStatus": 200,
              "Size": 37368,
              "URL": "https://d2eebw31vcx88p.cloudfront.net/garbarino/uploads/4fb9ce42571f177dae899fca0f6e221307100bc0.jpg.webp"
            },
            {
              "CompressionType": "",
              "DataType": "image/webp",
              "DownloadTime": 47,
              "EventId": 2863,
              "HttpStatus": 200,
              "Size": 3754,
              "URL": "https://d2eebw31vcx88p.cloudfront.net/garbarino/uploads/874d98dd16d115f9cde757a65e935dac80238e69.jpg.webp"
            },
            {
              "CompressionType": "",
              "DataType": "image/webp",
              "DownloadTime": 47,
              "EventId": 2861,
              "HttpStatus": 200,
              "Size": 2976,
              "URL": "https://d2eebw31vcx88p.cloudfront.net/garbarino/uploads/dfde1e8a197df62f9ed6aa791756b85fe9fb603c.jpg.webp"
            },
            {
              "CompressionType": "",
              "DataType": "image/webp",
              "DownloadTime": 47,
              "EventId": 2859,
              "HttpStatus": 200,
              "Size": 2378,
              "URL": "https://d2eebw31vcx88p.cloudfront.net/garbarino/uploads/c5c4d569c59d98e04382a87cf8390a2be1a57504.jpg.webp"
            },
            {
              "CompressionType": "",
              "DataType": "image/webp",
              "DownloadTime": 47,
              "EventId": 2854,
              "HttpStatus": 200,
              "Size": 2274,
              "URL": "https://d2eebw31vcx88p.cloudfront.net/garbarino/uploads/35c1ff440b470e625c910b0f7d2f88f5fec0e744.jpg.webp"
            },
            {
              "CompressionType": "",
              "DataType": "image/webp",
              "DownloadTime": 47,
              "EventId": 2849,
              "HttpStatus": 200,
              "Size": 2006,
              "URL": "https://d2eebw31vcx88p.cloudfront.net/garbarino/uploads/0a33852a228358a8286921bc659838ec658385b0.jpg.webp"
            },
            {
              "CompressionType": "",
              "DataType": "image/webp",
              "DownloadTime": 47,
              "EventId": 2837,
              "HttpStatus": 200,
              "Size": 10386,
              "URL": "https://d2eebw31vcx88p.cloudfront.net/garbarino/uploads/b6f024f009a2f9ce62c8cd2afc0c17f38461c7db.jpg.webp"
            },
            {
              "CompressionType": "",
              "DataType": "image/webp",
              "DownloadTime": 32,
              "EventId": 2828,
              "HttpStatus": 200,
              "Size": 3150,
              "URL": "https://d2eebw31vcx88p.cloudfront.net/garbarino/uploads/06c064b9aba51c3b690be7f426415367b00092c8.jpg.webp"
            },
            {
              "CompressionType": "",
              "DataType": "image/webp",
              "DownloadTime": 47,
              "EventId": 2803,
              "HttpStatus": 200,
              "Size": 18116,
              "URL": "https://d2eebw31vcx88p.cloudfront.net/garbarino/uploads/3cb991672d400ccc687457a6cb4a595de4739e29.jpg.webp"
            },
            {
              "CompressionType": "",
              "DataType": "image/webp",
              "DownloadTime": 47,
              "EventId": 2799,
              "HttpStatus": 200,
              "Size": 20956,
              "URL": "https://d2eebw31vcx88p.cloudfront.net/garbarino/uploads/866ff49ae1ea889d29b7e41574da148ef2f5220b.jpg.webp"
            },
            {
              "CompressionType": "",
              "DataType": "image/webp",
              "DownloadTime": 47,
              "EventId": 2797,
              "HttpStatus": 200,
              "Size": 12746,
              "URL": "https://d2eebw31vcx88p.cloudfront.net/garbarino/uploads/1442e28699b062932784e36dce1c796a2e2ece11.jpg.webp"
            },
            {
              "CompressionType": "",
              "DataType": "image/webp",
              "DownloadTime": 47,
              "EventId": 2795,
              "HttpStatus": 200,
              "Size": 5976,
              "URL": "https://d2eebw31vcx88p.cloudfront.net/garbarino/uploads/8c5570a8f12a823659f352baf4b94354c762f1ee.jpg.webp"
            },
            {
              "CompressionType": "br",
              "DataType": "application/javascript",
              "DownloadTime": 47,
              "EventId": 2721,
              "HttpStatus": 200,
              "Size": 19813,
              "URL": "https://d2eebw31vcx88p.cloudfront.net/garbarino/static-v-shop/1712256370368/js/vendors~checkout~product~shoplist.f3b72821.js"
            },
            {
              "CompressionType": "br",
              "DataType": "application/javascript",
              "DownloadTime": 63,
              "EventId": 2716,
              "HttpStatus": 200,
              "Size": 25185,
              "URL": "https://d2eebw31vcx88p.cloudfront.net/garbarino/static-v-shop/1712256370368/js/shoplist.720e1d14.js"
            },
            {
              "CompressionType": "br",
              "DataType": "application/javascript",
              "DownloadTime": 63,
              "EventId": 2713,
              "HttpStatus": 200,
              "Size": 9646,
              "URL": "https://d2eebw31vcx88p.cloudfront.net/garbarino/static-v-shop/1712256370368/js/repentance.cbf0cd55.js"
            },
            {
              "CompressionType": "br",
              "DataType": "application/javascript",
              "DownloadTime": 63,
              "EventId": 2711,
              "HttpStatus": 200,
              "Size": 44055,
              "URL": "https://d2eebw31vcx88p.cloudfront.net/garbarino/static-v-shop/1712256370368/js/vendors~checkout.d8389f0a.js"
            },
            {
              "CompressionType": "br",
              "DataType": "application/javascript",
              "DownloadTime": 47,
              "EventId": 2708,
              "HttpStatus": 200,
              "Size": 10867,
              "URL": "https://d2eebw31vcx88p.cloudfront.net/garbarino/static-v-shop/1712256370368/js/product.09fa8baa.js"
            },
            {
              "CompressionType": "br",
              "DataType": "application/javascript",
              "DownloadTime": 47,
              "EventId": 2704,
              "HttpStatus": 200,
              "Size": 10296,
              "URL": "https://d2eebw31vcx88p.cloudfront.net/garbarino/static-v-shop/1712256370368/js/order.5015d1ef.js"
            },
            {
              "CompressionType": "br",
              "DataType": "application/javascript",
              "DownloadTime": 31,
              "EventId": 2702,
              "HttpStatus": 200,
              "Size": 1086,
              "URL": "https://d2eebw31vcx88p.cloudfront.net/garbarino/static-v-shop/1712256370368/js/notfoundpage.279535fa.js"
            },
            {
              "CompressionType": "br",
              "DataType": "application/javascript",
              "DownloadTime": 62,
              "EventId": 2691,
              "HttpStatus": 200,
              "Size": 30048,
              "URL": "https://d2eebw31vcx88p.cloudfront.net/garbarino/static-v-shop/1712256370368/js/credit-card.824a581e.js"
            },
            {
              "CompressionType": "br",
              "DataType": "application/javascript",
              "DownloadTime": 47,
              "EventId": 2684,
              "HttpStatus": 200,
              "Size": 117596,
              "URL": "https://d2eebw31vcx88p.cloudfront.net/garbarino/static-v-shop/1712256370368/js/checkout.060e5075.js"
            },
            {
              "CompressionType": "br",
              "DataType": "text/css",
              "DownloadTime": 47,
              "EventId": 2682,
              "HttpStatus": 200,
              "Size": 5480,
              "URL": "https://d2eebw31vcx88p.cloudfront.net/garbarino/static-v-shop/1712256370368/css/vendors~checkout~product~shoplist.1f42eaa5.css"
            },
            {
              "CompressionType": "br",
              "DataType": "application/javascript",
              "DownloadTime": 47,
              "EventId": 2680,
              "HttpStatus": 200,
              "Size": 57382,
              "URL": "https://d2eebw31vcx88p.cloudfront.net/garbarino/static-v-shop/1712256370368/js/account.731e3274.js"
            },
            {
              "CompressionType": "",
              "DataType": "image/jpeg",
              "DownloadTime": 47,
              "EventId": 2677,
              "HttpStatus": 200,
              "Size": 2422,
              "URL": "https://d2eebw31vcx88p.cloudfront.net/garbarino/uploads/90e3341fc754c51d77a9735f72d1dcac1ea2e31b.jpg"
            },
            {
              "CompressionType": "br",
              "DataType": "text/css",
              "DownloadTime": 47,
              "EventId": 2675,
              "HttpStatus": 200,
              "Size": 17449,
              "URL": "https://d2eebw31vcx88p.cloudfront.net/garbarino/static-v-shop/1712256370368/css/vendors~checkout.e116e900.css"
            },
            {
              "CompressionType": "br",
              "DataType": "text/css",
              "DownloadTime": 62,
              "EventId": 2664,
              "HttpStatus": 200,
              "Size": 6697,
              "URL": "https://d2eebw31vcx88p.cloudfront.net/garbarino/static-v-shop/1712256370368/css/checkout.1d71da7c.css"
            },
            {
              "CompressionType": "br",
              "DataType": "text/css",
              "DownloadTime": 47,
              "EventId": 2662,
              "HttpStatus": 200,
              "Size": 1662,
              "URL": "https://d2eebw31vcx88p.cloudfront.net/garbarino/static-v-shop/1712256370368/css/shoplist.3e61d7b1.css"
            },
            {
              "CompressionType": "br",
              "DataType": "text/css",
              "DownloadTime": 47,
              "EventId": 2659,
              "HttpStatus": 200,
              "Size": 1596,
              "URL": "https://d2eebw31vcx88p.cloudfront.net/garbarino/static-v-shop/1712256370368/css/repentance.380a5163.css"
            },
            {
              "CompressionType": "br",
              "DataType": "text/css",
              "DownloadTime": 62,
              "EventId": 2656,
              "HttpStatus": 200,
              "Size": 3697,
              "URL": "https://d2eebw31vcx88p.cloudfront.net/garbarino/static-v-shop/1712256370368/css/credit-card.7a70e6eb.css"
            },
            {
              "CompressionType": "br",
              "DataType": "text/css",
              "DownloadTime": 47,
              "EventId": 2654,
              "HttpStatus": 200,
              "Size": 1988,
              "URL": "https://d2eebw31vcx88p.cloudfront.net/garbarino/static-v-shop/1712256370368/css/product.d28831d5.css"
            },
            {
              "CompressionType": "",
              "DataType": "text/css",
              "DownloadTime": 31,
              "EventId": 2651,
              "HttpStatus": 200,
              "Size": 261,
              "URL": "https://d2eebw31vcx88p.cloudfront.net/garbarino/static-v-shop/1712256370368/css/order.6b823b6b.css"
            },
            {
              "CompressionType": "",
              "DataType": "text/css",
              "DownloadTime": 266,
              "EventId": 2646,
              "HttpStatus": 200,
              "Size": 690,
              "URL": "https://d2eebw31vcx88p.cloudfront.net/garbarino/static-v-shop/1712256370368/css/account.838ba4f2.css"
            },
            {
              "CompressionType": "",
              "DataType": "image/webp",
              "DownloadTime": 282,
              "EventId": 2644,
              "HttpStatus": 200,
              "Size": 15038,
              "URL": "https://d2eebw31vcx88p.cloudfront.net/garbarino/uploads/e45e29050c435ab0b6ac146ac8f5543f98364273.jpg.webp"
            },
            {
              "CompressionType": "",
              "DataType": "image/webp",
              "DownloadTime": 250,
              "EventId": 2641,
              "HttpStatus": 200,
              "Size": 12846,
              "URL": "https://d2eebw31vcx88p.cloudfront.net/garbarino/uploads/8f1f8ef88e94c047643a9254dda8528ddeea0c56.jpg.webp"
            },
            {
              "CompressionType": "",
              "DataType": "image/webp",
              "DownloadTime": 250,
              "EventId": 2639,
              "HttpStatus": 200,
              "Size": 14148,
              "URL": "https://d2eebw31vcx88p.cloudfront.net/garbarino/uploads/33c5d7c6bebcdd072b9fcbd0c0c8996da9994c50.jpg.webp"
            },
            {
              "CompressionType": "",
              "DataType": "image/webp",
              "DownloadTime": 250,
              "EventId": 2637,
              "HttpStatus": 200,
              "Size": 7648,
              "URL": "https://d2eebw31vcx88p.cloudfront.net/garbarino/uploads/2235838f637455f618f6847ccc26b6a844bfa67f.jpg.webp"
            },
            {
              "CompressionType": "",
              "DataType": "image/webp",
              "DownloadTime": 250,
              "EventId": 2635,
              "HttpStatus": 200,
              "Size": 4738,
              "URL": "https://d2eebw31vcx88p.cloudfront.net/garbarino/uploads/283a39c25c7c4cde94383ce1cbf0fc50376d1f6f.jpg.webp"
            },
            {
              "CompressionType": "",
              "DataType": "image/webp",
              "DownloadTime": 47,
              "EventId": 2625,
              "HttpStatus": 200,
              "Size": 14570,
              "URL": "https://d2eebw31vcx88p.cloudfront.net/garbarino/uploads/d794cbbfd49819ec77bfd56a3375e4d8a33ee145.jpg.webp"
            },
            {
              "CompressionType": "",
              "DataType": "image/webp",
              "DownloadTime": 47,
              "EventId": 2623,
              "HttpStatus": 200,
              "Size": 7632,
              "URL": "https://d2eebw31vcx88p.cloudfront.net/garbarino/uploads/caa6c3fb53bc2f18d6c489d6af9ceec17425fa5d.jpg.webp"
            },
            {
              "CompressionType": "",
              "DataType": "image/webp",
              "DownloadTime": 47,
              "EventId": 2621,
              "HttpStatus": 200,
              "Size": 6316,
              "URL": "https://d2eebw31vcx88p.cloudfront.net/garbarino/uploads/21f19c8a60c84684b348c65f0ee137d4a6f424dc.jpg.webp"
            },
            {
              "CompressionType": "",
              "DataType": "image/webp",
              "DownloadTime": 47,
              "EventId": 2619,
              "HttpStatus": 200,
              "Size": 11614,
              "URL": "https://d2eebw31vcx88p.cloudfront.net/garbarino/uploads/f91ef15dcd387bc806c6ee8f5f3db5fdfa0da12e.jpg.webp"
            },
            {
              "CompressionType": "",
              "DataType": "image/webp",
              "DownloadTime": 47,
              "EventId": 2617,
              "HttpStatus": 200,
              "Size": 15306,
              "URL": "https://d2eebw31vcx88p.cloudfront.net/garbarino/uploads/c6ec786930f22b4e33d84616bb015b6b071f4f9e.jpg.webp"
            },
            {
              "CompressionType": "",
              "DataType": "image/webp",
              "DownloadTime": 32,
              "EventId": 2615,
              "HttpStatus": 200,
              "Size": 10598,
              "URL": "https://d2eebw31vcx88p.cloudfront.net/garbarino/uploads/eb439b150b42351ecceaa1b45e430f8fec6be794.jpg.webp"
            },
            {
              "CompressionType": "",
              "DataType": "image/webp",
              "DownloadTime": 63,
              "EventId": 2606,
              "HttpStatus": 200,
              "Size": 68504,
              "URL": "https://d2eebw31vcx88p.cloudfront.net/garbarino/uploads/14658963f5f854f2c9d92620976f2b58ad70fb88.jpg.webp"
            },
            {
              "CompressionType": "",
              "DataType": "image/webp",
              "DownloadTime": 63,
              "EventId": 2604,
              "HttpStatus": 200,
              "Size": 13056,
              "URL": "https://d2eebw31vcx88p.cloudfront.net/garbarino/uploads/7cd1659bbc22c4ebcb1efdb1b619b5465940e19e.png.webp"
            },
            {
              "CompressionType": "",
              "DataType": "image/webp",
              "DownloadTime": 31,
              "EventId": 2600,
              "HttpStatus": 200,
              "Size": 10898,
              "URL": "https://d2eebw31vcx88p.cloudfront.net/garbarino/uploads/a49213b739e5ef9369c8a804e3920afc54448fa8.jpg.webp"
            },
            {
              "CompressionType": "",
              "DataType": "image/webp",
              "DownloadTime": 31,
              "EventId": 2598,
              "HttpStatus": 200,
              "Size": 14020,
              "URL": "https://d2eebw31vcx88p.cloudfront.net/garbarino/uploads/e0bc99d42f591f70c5a93da61fd5d46e546f4d23.jpg.webp"
            },
            {
              "CompressionType": "",
              "DataType": "image/webp",
              "DownloadTime": 47,
              "EventId": 2595,
              "HttpStatus": 200,
              "Size": 6202,
              "URL": "https://d2eebw31vcx88p.cloudfront.net/garbarino/uploads/f9da82c7a20db7fd39410eb96db694aa6d648307.png.webp"
            },
            {
              "CompressionType": "",
              "DataType": "image/webp",
              "DownloadTime": 47,
              "EventId": 2593,
              "HttpStatus": 200,
              "Size": 1902,
              "URL": "https://d2eebw31vcx88p.cloudfront.net/garbarino/uploads/e1c891358becf063b7d5338dc5fd1d9998371a37.png.webp"
            },
            {
              "CompressionType": "",
              "DataType": "image/webp",
              "DownloadTime": 62,
              "EventId": 2585,
              "HttpStatus": 200,
              "Size": 1934,
              "URL": "https://d2eebw31vcx88p.cloudfront.net/garbarino/uploads/a5d0586ddcd9b5e155ab0d217c1df0c08f2fddb0.jpg.webp"
            },
            {
              "CompressionType": "",
              "DataType": "image/webp",
              "DownloadTime": 47,
              "EventId": 2583,
              "HttpStatus": 200,
              "Size": 3858,
              "URL": "https://d2eebw31vcx88p.cloudfront.net/garbarino/uploads/540a78abd6141b06822dbb87871f3bae15d1cba6.jpg.webp"
            },
            {
              "CompressionType": "",
              "DataType": "image/webp",
              "DownloadTime": 47,
              "EventId": 2581,
              "HttpStatus": 200,
              "Size": 27648,
              "URL": "https://d2eebw31vcx88p.cloudfront.net/garbarino/uploads/decca87e2e695e07ca8437b126ffda69423dffeb.jpg.webp"
            },
            {
              "CompressionType": "",
              "DataType": "image/webp",
              "DownloadTime": 47,
              "EventId": 2577,
              "HttpStatus": 200,
              "Size": 16648,
              "URL": "https://d2eebw31vcx88p.cloudfront.net/garbarino/uploads/37ae7069e27397555407fc146f634abe18a04947.jpg.webp"
            },
            {
              "CompressionType": "",
              "DataType": "image/webp",
              "DownloadTime": 47,
              "EventId": 2575,
              "HttpStatus": 200,
              "Size": 2898,
              "URL": "https://d2eebw31vcx88p.cloudfront.net/garbarino/uploads/e52cd4a42afcba5dfae2d15f5f2bf1ad5b89f9c7.jpg.webp"
            },
            {
              "CompressionType": "",
              "DataType": "image/webp",
              "DownloadTime": 47,
              "EventId": 2573,
              "HttpStatus": 200,
              "Size": 4666,
              "URL": "https://d2eebw31vcx88p.cloudfront.net/garbarino/uploads/66a9ee2b075f70385e330cb03808022d825235d2.jpg.webp"
            },
            {
              "CompressionType": "",
              "DataType": "image/webp",
              "DownloadTime": 47,
              "EventId": 2567,
              "HttpStatus": 200,
              "Size": 21038,
              "URL": "https://d2eebw31vcx88p.cloudfront.net/garbarino/uploads/b079f27b518867f85994994b2a9dcdaa4fa6592f.jpg.webp"
            },
            {
              "CompressionType": "",
              "DataType": "image/webp",
              "DownloadTime": 47,
              "EventId": 2555,
              "HttpStatus": 200,
              "Size": 34010,
              "URL": "https://d2eebw31vcx88p.cloudfront.net/garbarino/uploads/cf85b33266e32bd508f3d53ce1d846c7de6f058c.jpg.webp"
            },
            {
              "CompressionType": "",
              "DataType": "image/webp",
              "DownloadTime": 47,
              "EventId": 2551,
              "HttpStatus": 200,
              "Size": 41162,
              "URL": "https://d2eebw31vcx88p.cloudfront.net/garbarino/uploads/fbbeba94777ed5cb449b630be5a29e254858d3cc.jpg.webp"
            },
            {
              "CompressionType": "",
              "DataType": "image/webp",
              "DownloadTime": 47,
              "EventId": 2548,
              "HttpStatus": 200,
              "Size": 36302,
              "URL": "https://d2eebw31vcx88p.cloudfront.net/garbarino/uploads/7227021f4d194d10474844eb3e909f1fd99dd72a.jpg.webp"
            },
            {
              "CompressionType": "",
              "DataType": "image/webp",
              "DownloadTime": 47,
              "EventId": 2545,
              "HttpStatus": 200,
              "Size": 13204,
              "URL": "https://d2eebw31vcx88p.cloudfront.net/garbarino/uploads/bc6de8bb6baf019a525f8e26a3cf7a47658f5fbf.jpg.webp"
            },
            {
              "CompressionType": "",
              "DataType": "image/webp",
              "DownloadTime": 32,
              "EventId": 2543,
              "HttpStatus": 200,
              "Size": 16126,
              "URL": "https://d2eebw31vcx88p.cloudfront.net/garbarino/uploads/31372c03d5bcef0bc2fba9e76dba1c8295fd4170.jpg.webp"
            },
            {
              "CompressionType": "",
              "DataType": "image/webp",
              "DownloadTime": 47,
              "EventId": 2540,
              "HttpStatus": 200,
              "Size": 10480,
              "URL": "https://d2eebw31vcx88p.cloudfront.net/garbarino/uploads/0fd9936faf9ead1c851478778d4333a3dc673a35.jpg.webp"
            },
            {
              "CompressionType": "",
              "DataType": "image/webp",
              "DownloadTime": 31,
              "EventId": 2537,
              "HttpStatus": 200,
              "Size": 14116,
              "URL": "https://d2eebw31vcx88p.cloudfront.net/garbarino/uploads/653274d27ec1ec4ccdf82a0e087d461660049a89.jpg.webp"
            },
            {
              "CompressionType": "",
              "DataType": "image/webp",
              "DownloadTime": 47,
              "EventId": 2533,
              "HttpStatus": 200,
              "Size": 17834,
              "URL": "https://d2eebw31vcx88p.cloudfront.net/garbarino/uploads/c0073f81dff2132193517ef129a52e23b9a68620.jpg.webp"
            },
            {
              "CompressionType": "",
              "DataType": "image/webp",
              "DownloadTime": 63,
              "EventId": 2530,
              "HttpStatus": 200,
              "Size": 6854,
              "URL": "https://d2eebw31vcx88p.cloudfront.net/garbarino/uploads/ed397171c245a5e9d552e3eba0d13680da2bfc59.jpg.webp"
            },
            {
              "CompressionType": "",
              "DataType": "image/webp",
              "DownloadTime": 31,
              "EventId": 2527,
              "HttpStatus": 200,
              "Size": 2716,
              "URL": "https://d2eebw31vcx88p.cloudfront.net/garbarino/uploads/9fc8b3f52ebcd9829d71c89e3fc6ffa77f02fe9b.jpg.webp"
            },
            {
              "CompressionType": "",
              "DataType": "image/webp",
              "DownloadTime": 47,
              "EventId": 2524,
              "HttpStatus": 200,
              "Size": 12058,
              "URL": "https://d2eebw31vcx88p.cloudfront.net/garbarino/uploads/5a4a42873038e1c7ef3468d85c6a72eded0822ca.jpg.webp"
            },
            {
              "CompressionType": "",
              "DataType": "image/webp",
              "DownloadTime": 47,
              "EventId": 2522,
              "HttpStatus": 200,
              "Size": 21170,
              "URL": "https://d2eebw31vcx88p.cloudfront.net/garbarino/uploads/bf8bc58247c5527db6c0b501e97f35e50bc1d334.jpg.webp"
            },
            {
              "CompressionType": "",
              "DataType": "image/webp",
              "DownloadTime": 47,
              "EventId": 2516,
              "HttpStatus": 200,
              "Size": 13988,
              "URL": "https://d2eebw31vcx88p.cloudfront.net/garbarino/uploads/87cb1d366d6b0b272ab2d4ff38d1f096e0c53598.jpg.webp"
            },
            {
              "CompressionType": "",
              "DataType": "image/webp",
              "DownloadTime": 62,
              "EventId": 2505,
              "HttpStatus": 200,
              "Size": 14410,
              "URL": "https://d2eebw31vcx88p.cloudfront.net/garbarino/uploads/29dfb7a10a54d59b6671869d6a1745ee40835e31.jpg.webp"
            },
            {
              "CompressionType": "",
              "DataType": "image/webp",
              "DownloadTime": 62,
              "EventId": 2503,
              "HttpStatus": 200,
              "Size": 21472,
              "URL": "https://d2eebw31vcx88p.cloudfront.net/garbarino/uploads/d0be734edf9ae408f70941c1a93cd271305356fc.jpg.webp"
            },
            {
              "CompressionType": "",
              "DataType": "image/webp",
              "DownloadTime": 47,
              "EventId": 2501,
              "HttpStatus": 200,
              "Size": 15796,
              "URL": "https://d2eebw31vcx88p.cloudfront.net/garbarino/uploads/195a7e64737eebf4b436e5ccd87d4abd20db78ef.jpg.webp"
            },
            {
              "CompressionType": "",
              "DataType": "image/webp",
              "DownloadTime": 47,
              "EventId": 2499,
              "HttpStatus": 200,
              "Size": 15542,
              "URL": "https://d2eebw31vcx88p.cloudfront.net/garbarino/uploads/dfc4c74278f131920fe595aa8d7d34fd135b1ff9.jpg.webp"
            },
            {
              "CompressionType": "",
              "DataType": "image/webp",
              "DownloadTime": 47,
              "EventId": 2497,
              "HttpStatus": 200,
              "Size": 14312,
              "URL": "https://d2eebw31vcx88p.cloudfront.net/garbarino/uploads/c9c32105b6a3969bfb31fbc484e92cf585d423d4.jpg.webp"
            },
            {
              "CompressionType": "",
              "DataType": "image/webp",
              "DownloadTime": 47,
              "EventId": 2495,
              "HttpStatus": 200,
              "Size": 9862,
              "URL": "https://d2eebw31vcx88p.cloudfront.net/garbarino/uploads/54308f8366a79b08133aa6a1e2ebfcb04999f6d4.jpg.webp"
            },
            {
              "CompressionType": "",
              "DataType": "image/webp",
              "DownloadTime": 46,
              "EventId": 2480,
              "HttpStatus": 200,
              "Size": 16214,
              "URL": "https://d2eebw31vcx88p.cloudfront.net/garbarino/uploads/e2a95b28f8102c19686ba05acaf9621a819d1f97.jpg.webp"
            },
            {
              "CompressionType": "",
              "DataType": "image/webp",
              "DownloadTime": 46,
              "EventId": 2478,
              "HttpStatus": 200,
              "Size": 16602,
              "URL": "https://d2eebw31vcx88p.cloudfront.net/garbarino/uploads/7678a1e5fedd4d4355ec1d8d5ac95832bef530e1.jpg.webp"
            },
            {
              "CompressionType": "",
              "DataType": "font/woff2",
              "DownloadTime": 47,
              "EventId": 2469,
              "HttpStatus": 200,
              "Size": 59444,
              "URL": "https://d2eebw31vcx88p.cloudfront.net/garbarino/static-v-shop/1712256370368/fonts/OpenSans-Regular.bfdb5bc0.woff2"
            },
            {
              "CompressionType": "",
              "DataType": "font/woff2",
              "DownloadTime": 47,
              "EventId": 2466,
              "HttpStatus": 200,
              "Size": 38924,
              "URL": "https://d2eebw31vcx88p.cloudfront.net/garbarino/static-v-shop/1712256370368/fonts/NunitoSans-Regular.e9346522.woff2"
            },
            {
              "CompressionType": "",
              "DataType": "image/webp",
              "DownloadTime": 31,
              "EventId": 2463,
              "HttpStatus": 200,
              "Size": 8974,
              "URL": "https://d2eebw31vcx88p.cloudfront.net/garbarino/uploads/2ebbcfc5a8a118fc726fde22b075797f3a967b4b.jpg.webp"
            },
            {
              "CompressionType": "",
              "DataType": "font/woff2",
              "DownloadTime": 63,
              "EventId": 2432,
              "HttpStatus": 200,
              "Size": 372752,
              "URL": "https://d2eebw31vcx88p.cloudfront.net/garbarino/static-v-shop/1712256370368/fonts/materialdesignicons-webfont.62ff6e3a.woff2"
            },
            {
              "CompressionType": "",
              "DataType": "font/woff2",
              "DownloadTime": 47,
              "EventId": 2427,
              "HttpStatus": 200,
              "Size": 63748,
              "URL": "https://d2eebw31vcx88p.cloudfront.net/garbarino/static-v-shop/1712256370368/fonts/Roboto-Regular.6887b6f2.woff2"
            },
            {
              "CompressionType": "",
              "DataType": "image/webp",
              "DownloadTime": 47,
              "EventId": 2425,
              "HttpStatus": 200,
              "Size": 11304,
              "URL": "https://d2eebw31vcx88p.cloudfront.net/garbarino/uploads/4b590cbe14faf428abcd5d551a4ff1171917e125.jpg.webp"
            },
            {
              "CompressionType": "",
              "DataType": "image/webp",
              "DownloadTime": 47,
              "EventId": 2422,
              "HttpStatus": 200,
              "Size": 1252,
              "URL": "https://d2eebw31vcx88p.cloudfront.net/garbarino/uploads/fe1bab8aedca658b8b56c125cced77ce66fff696.png.webp"
            },
            {
              "CompressionType": "",
              "DataType": "image/webp",
              "DownloadTime": 63,
              "EventId": 2403,
              "HttpStatus": 200,
              "Size": 12504,
              "URL": "https://d2eebw31vcx88p.cloudfront.net/garbarino/uploads/e8af72d6950cdc43c3fe342e0320c4886f5a5eba.jpg.webp"
            },
            {
              "CompressionType": "",
              "DataType": "image/webp",
              "DownloadTime": 63,
              "EventId": 2401,
              "HttpStatus": 200,
              "Size": 4200,
              "URL": "https://d2eebw31vcx88p.cloudfront.net/garbarino/uploads/1b0e5b393a3dec96997344ec155b3b463d57e7cc.jpg.webp"
            },
            {
              "CompressionType": "",
              "DataType": "image/webp",
              "DownloadTime": 63,
              "EventId": 2399,
              "HttpStatus": 200,
              "Size": 1930,
              "URL": "https://d2eebw31vcx88p.cloudfront.net/garbarino/uploads/01ec97d4f5f7136f472db771839e2c55e14f0c14.jpg.webp"
            },
            {
              "CompressionType": "",
              "DataType": "image/webp",
              "DownloadTime": 47,
              "EventId": 2397,
              "HttpStatus": 200,
              "Size": 11002,
              "URL": "https://d2eebw31vcx88p.cloudfront.net/garbarino/uploads/10fc206e2cdd3b0b3efc1886c8487de03b7f77d6.jpg.webp"
            },
            {
              "CompressionType": "",
              "DataType": "image/webp",
              "DownloadTime": 47,
              "EventId": 2395,
              "HttpStatus": 200,
              "Size": 8260,
              "URL": "https://d2eebw31vcx88p.cloudfront.net/garbarino/uploads/5e8754ba15d15d4a08405c6ac1d5a68f96efd6d5.jpg.webp"
            },
            {
              "CompressionType": "",
              "DataType": "image/webp",
              "DownloadTime": 47,
              "EventId": 2392,
              "HttpStatus": 200,
              "Size": 7740,
              "URL": "https://d2eebw31vcx88p.cloudfront.net/garbarino/uploads/b4ff28bbe3fb60e7c46c610a33e34fbb4c3c0eab.jpg.webp"
            },
            {
              "CompressionType": "",
              "DataType": "image/webp",
              "DownloadTime": 47,
              "EventId": 2368,
              "HttpStatus": 200,
              "Size": 5546,
              "URL": "https://d2eebw31vcx88p.cloudfront.net/garbarino/uploads/e3ee312ec86e380abf7cc21ff7224f802e77d802.jpg.webp"
            },
            {
              "CompressionType": "",
              "DataType": "image/webp",
              "DownloadTime": 47,
              "EventId": 2363,
              "HttpStatus": 200,
              "Size": 168932,
              "URL": "https://d2eebw31vcx88p.cloudfront.net/garbarino/uploads/429085d611cd92c44c155826c5fd7d94e6e9f675.jpg.webp"
            },
            {
              "CompressionType": "",
              "DataType": "image/webp",
              "DownloadTime": 47,
              "EventId": 2361,
              "HttpStatus": 200,
              "Size": 101958,
              "URL": "https://d2eebw31vcx88p.cloudfront.net/garbarino/uploads/cd1f023bda73dea8fb8e8d2ad6cc68ac04e21689.jpg.webp"
            },
            {
              "CompressionType": "br",
              "DataType": "application/javascript",
              "DownloadTime": 63,
              "EventId": 2358,
              "HttpStatus": 200,
              "Size": 90356,
              "URL": "https://d2eebw31vcx88p.cloudfront.net/garbarino/static-v-shop/1712256370368/js/dpc.323c474b.js"
            },
            {
              "CompressionType": "",
              "DataType": "image/webp",
              "DownloadTime": 31,
              "EventId": 2355,
              "HttpStatus": 200,
              "Size": 110974,
              "URL": "https://d2eebw31vcx88p.cloudfront.net/garbarino/uploads/f904def688832eb75420a23fb1b6eb44aef60b2d.jpg.webp"
            },
            {
              "CompressionType": "",
              "DataType": "image/webp",
              "DownloadTime": 47,
              "EventId": 2353,
              "HttpStatus": 200,
              "Size": 4274,
              "URL": "https://d2eebw31vcx88p.cloudfront.net/garbarino/uploads/a38f075de7e420f4a20866be034d36508c3b40c8.png.webp"
            },
            {
              "CompressionType": "br",
              "DataType": "text/css",
              "DownloadTime": 62,
              "EventId": 2323,
              "HttpStatus": 200,
              "Size": 81287,
              "URL": "https://d2eebw31vcx88p.cloudfront.net/garbarino/static-v-shop/1712256370368/css/dpc.f968c228.css"
            },
            {
              "CompressionType": "br",
              "DataType": "application/javascript",
              "DownloadTime": 47,
              "EventId": 2319,
              "HttpStatus": 200,
              "Size": 644038,
              "URL": "https://d2eebw31vcx88p.cloudfront.net/garbarino/static-v-shop/1712256370368/js/v-shop.fc983ddb.js"
            },
            {
              "CompressionType": "br",
              "DataType": "application/javascript",
              "DownloadTime": 47,
              "EventId": 2317,
              "HttpStatus": 200,
              "Size": 739419,
              "URL": "https://d2eebw31vcx88p.cloudfront.net/garbarino/static-v-shop/1712256370368/js/v-shop-vendors.e93c0fb8.js"
            },
            {
              "CompressionType": "br",
              "DataType": "text/css",
              "DownloadTime": 47,
              "EventId": 2313,
              "HttpStatus": 200,
              "Size": 478441,
              "URL": "https://d2eebw31vcx88p.cloudfront.net/garbarino/static-v-shop/1712256370368/css/v-shop.9bd2deec.css"
            },
            {
              "CompressionType": "br",
              "DataType": "text/css",
              "DownloadTime": 47,
              "EventId": 2310,
              "HttpStatus": 200,
              "Size": 521002,
              "URL": "https://d2eebw31vcx88p.cloudfront.net/garbarino/static-v-shop/1712256370368/css/v-shop-vendors.07fc6c9a.css"
            }
          ],
          "SSLCipher": "TLS_AES_128_GCM_SHA256",
          "SSLVersion": "TLS1.3"
        }
      ],
      "IncludeInScript": true
    }
  ],
  "WebSocket": {
    "IncludeInScript": false,
    "IsScriptIncludeWebSocket": false
  },
  "NumberOfCorrelations": 1
}