{"data":{"order":{"id":"1ee470a2-c755-42d3-b95a-bef0a26be671","langIso":null,"total":2465250.04,"invoiceAddress":{"id":12074,"deliveryDefault":true,"invoiceDefault":true,"street":"Manuel Castro","streetNumber":"304","apartment":null,"floor":null,"comment":null,"intersection1":null,"intersection2":null,"city":"Lomas de Zamora","userId":47128,"zipcodeId":491,"zipcode":{"id":491,"code":"1832","stateId":4,"state":{"id":4,"name":"Provincia de Buenos Aires","iso":"B","countryId":9,"country":{"id":9,"name":"Argentina","iso":"AR","zipcodeValidation":"1","phoneCode":54,"phoneValidation":"^0[1-3]{1}[0-9]{9}$","langIso":"es_AR,es,en_AR,en","continentId":6,"continent":{"id":6,"name":"América del Sur","iso":"SA"}}}}},"isSimple":false,"code":"GA0104059","analyticsData":{"ga":{"cid":"2077486026.1712887266","sid":"1712887266","snumber":"1","userAgent":"Mozilla/5.0 (Windows NT 10.0; Win64; x64) AppleWebKit/537.36 (KHTML, like Gecko) Chrome/123.0.0.0 Safari/537.36"}},"mainStatus":"confirmed","paymentStatus":"pending","statusesAt":{"main":{"confirmed":"2024-04-11 23:06:03"}},"totalPaid":0,"chash":"5429d885111a8e70e352e219de8d032b96daabbd","customData":null,"stockControl":1,"statusesInfo":{"title":{"key":"pending","name":"Pendiente de pago","color":"grey","flowsTo":["paid","inProcess","canceled"],"initial":true,"buyerName":"Estamos esperando tu comprobante de pago"},"main":{"key":"confirmed","name":"Iniciada","buyerName":"Pendiente de pago","flowsTo":["completed","canceled"],"color":"blue","manual":false},"payment":{"key":"pending","name":"Pendiente de pago","color":"grey","flowsTo":["paid","canceled"],"manual":false,"initial":true},"paymentMethod":{"key":"pending","name":"Pendiente de pago","color":"grey","flowsTo":["paid","inProcess","canceled"],"initial":true,"buyerName":"Estamos esperando tu comprobante de pago"},"deliveriesMethods":{"4111":{"key":"pending","name":"Pendiente de entrega","buyerName":"Estamos preparando tu pedido","color":"grey","flowsTo":["onHold","picking","ready","sent","canceled"],"initial":true}}},"createdAt":"2024-04-12T02:06:03.000Z","updatedAt":"2024-04-12T02:06:04.000Z","userId":47128,"invoiceId":4070,"contextId":2,"currencyId":1,"user":{"id":47128,"accountEmail":"nalado4430@kravify.com","contactEmail":"nalado4430@kravify.com","firstname":"Juan","lastname":"Robledo","idNumber":"11111111","blacklisted":false,"createdAt":"2024-04-12T01:33:01.000Z","phoneCountryId":9,"phoneAreaCode":"11","phoneNumber":"42434534","fullPhone":"(+54) 1142434534","fixedIdentityFields":false},"items":[{"id":4363,"qty":1,"refId":"ca1f04f6-2e49-487f-8ba7-5a34c233e174","refType":"product","sku":"SASMF946BLBLAR","name":"Samsung Galaxy Z Fold5 5G Dual-SIM 256 GB / 12 GB RAM Blue","descriptions":null,"initPrice":3459999,"initTotal":3459999,"discount":864999,"discountTotal":864999,"discountsNames":[],"discountPct":25,"price":2595000,"total":2595000,"orderDiscount":129749.96,"orderDiscountPct":5,"orderDiscountTotal":129749.96,"finalPrice":2465250.04,"finalTotal":2465250.04,"surchargePct":null,"surcharge":null,"finalDiscount":994748.96,"finalDiscountPct":28.75,"finalDiscountTotal":994748.96,"reachedByOrderDiscount":true,"image":{"id":3158009,"url":"uploads/54308f8366a79b08133aa6a1e2ebfcb04999f6d4.jpg","location":"cdn","type":"image","contentType":"image/jpeg","alt":"Samsung Galaxy Z Fold5 5G Dual-SIM 256 GB / 12 GB RAM Blue","data":{"width":270,"height":270},"fullUrl":"https://d2eebw31vcx88p.cloudfront.net/garbarino/uploads/54308f8366a79b08133aa6a1e2ebfcb04999f6d4.jpg"},"packages":[{"width":137,"height":163,"length":30,"weight":330}],"unitMetric":"unidad/es","packMetric":null,"metricFactor":1,"packQty":1,"type":"physical","digital":null,"customization":null,"customData":{"categories":[{"id":196743,"name":"Celulares, Notebooks Y Tecnología"},{"id":196744,"name":"Celulares Y Teléfonos"},{"id":196980,"name":"Celulares Libres"}],"brand":{"id":1519,"name":"Samsung"},"refPrice":2595000},"makingTime":null,"availabilityDate":null,"externalId":"331013468","ean":"8806095107813","supplier":null,"variantName":"","finalPriceWithSurcharge":2465250.04,"finalTotalWithSurcharge":2465250.04,"priceWithSurcharge":2595000,"totalWithSurcharge":2595000,"orderId":"1ee470a2-c755-42d3-b95a-bef0a26be671","sellerId":47,"seller":{"id":47,"name":"Visuar","active":true,"logo":null}}],"payments":[{"id":"6a488e86-e096-4445-a934-bf5aa994e117","methodKey":"WireTransfer","methodName":"Transferencia Bancaria","integratorKey":"WireTransfer","integratorName":"Transferencia Bancaria","optionKey":null,"optionName":null,"optionImage":{"id":1737091,"url":"uploads/7f86f7d8feee2add62c53a3392f8028c8ba5b32a.png","location":"cdn","type":"image","contentType":"image/png","alt":"transfer","data":{"width":50,"height":50},"fullUrl":"https://d2eebw31vcx88p.cloudfront.net/garbarino/uploads/7f86f7d8feee2add62c53a3392f8028c8ba5b32a.png"},"optionTitle":"Transferencia Bancaria","optionMessages":[{"text":"Tenés 24 hs para transferir y enviarnos tu comprobante a cac@garbarino.com.ar"}],"data":{"accounts":[{"key":"VISUAR SA","accountOwner":"VISUAR SA","accountNumber":"0008861-3 016-7","taxId":"30-65553446-2","alias":"CENTRO.GOLF.COLLAR","bankName":"Banco Galicia","cbu":"0070016020000008861377"}]},"surcharge":0,"amount":2465250.04,"status":"pending","paid":false,"paidAt":null,"refunded":false,"refundedAt":null,"externalReference":null,"paymentOptionId":20,"expiresAt":"2024-04-14T02:06:03.000Z","expirationTime":48,"createdAt":"2024-04-12T02:06:03.000Z","updatedAt":"2024-04-12T02:06:03.000Z","orderId":"1ee470a2-c755-42d3-b95a-bef0a26be671"}],"deliveries":[{"id":4111,"status":"pending","zipcode":"1832","clientAddress":{"id":12074,"deliveryDefault":true,"invoiceDefault":true,"street":"Manuel Castro","streetNumber":"304","apartment":null,"floor":null,"comment":null,"intersection1":null,"intersection2":null,"city":"Lomas de Zamora","userId":47128,"zipcodeId":491,"zipcode":{"id":491,"code":"1832","stateId":4,"state":{"id":4,"name":"Provincia de Buenos Aires","iso":"B","countryId":9,"country":{"id":9,"name":"Argentina","iso":"AR","zipcodeValidation":"1","phoneCode":54,"phoneValidation":"^0[1-3]{1}[0-9]{9}$","langIso":"es_AR,es,en_AR,en","continentId":6,"continent":{"id":6,"name":"América del Sur","iso":"SA"}}}}},"clientZipcodeId":491,"toAddress":{"id":12074,"deliveryDefault":true,"invoiceDefault":true,"street":"Manuel Castro","streetNumber":"304","apartment":null,"floor":null,"comment":null,"intersection1":null,"intersection2":null,"city":"Lomas de Zamora","userId":47128,"zipcodeId":491,"zipcode":{"id":491,"code":"1832","stateId":4,"state":{"id":4,"name":"Provincia de Buenos Aires","iso":"B","countryId":9,"country":{"id":9,"name":"Argentina","iso":"AR","zipcodeValidation":"1","phoneCode":54,"phoneValidation":"^0[1-3]{1}[0-9]{9}$","langIso":"es_AR,es,en_AR,en","continentId":6,"continent":{"id":6,"name":"América del Sur","iso":"SA"}}}}},"toAddressLine":"Manuel Castro 304, Lomas de Zamora, Provincia de Buenos Aires, 1832","cost":0,"discount":0,"discountPct":0,"total":0,"surchargePct":0,"surcharge":0,"hasCost":true,"methodKey":"Shipping","methodName":"Envío a domicilio","integratorKey":"custom","integratorName":"Personalizado","carrierName":null,"optionKey":"envio_visuar","optionName":"Envio a Domicilio","rateKey":"__free__","data":{},"minIntegratorDeliveryTime":null,"maxIntegratorDeliveryTime":null,"integratorUsesDeliveryDow":true,"etaFromDate":"2024-04-16","etaToDate":"2024-04-18","etaMessage":"Llega entre el Martes y el Jueves 18/04","hasEta":true,"fixedEta":false,"deliveryOptionId":81,"deliveryOptionKeyname":"envio_visuar","message":null,"receiverFirstname":"Juan","receiverLastname":"Robledo","receiverIdNumber":"11111111","packageData":null,"packageError":null,"externalReference":null,"sku":null,"totalWithSurcharge":0,"costWithSurcharge":0,"updatedAt":"2024-04-12T02:06:03.000Z","orderId":"1ee470a2-c755-42d3-b95a-bef0a26be671","sellerId":47,"seller":{"id":47,"name":"Visuar","active":true,"logo":null}}],"buyer":{"id":4070,"firstname":"Juan","lastname":"Robledo","email":"nalado4430@kravify.com","idNumber":"11111111","phoneAreaCode":"011","phoneNumber":"42434534","orderId":"1ee470a2-c755-42d3-b95a-bef0a26be671","phoneCountryId":9,"phoneCountry":{"id":9,"name":"Argentina","iso":"AR","phoneCode":54,"continent":{"id":6,"name":"América del Sur","iso":"SA"}},"fullPhone":"(+54) 01142434534"},"invoice":{"id":4070,"business":false,"personFirstname":"Juan","personLastname":"Robledo","personIdNumber":"11111111","businessName":null,"businessIdNumber":null,"invoiceType":null,"userId":47128},"discounts":[{"id":451,"triggerType":"trigger","triggerKey":"9","discountName":"5% OFF con transferencia bancaria","itemsDiscount":129749.96,"deliveryDiscount":0,"sku":null,"customData":null,"orderId":"1ee470a2-c755-42d3-b95a-bef0a26be671","sellerId":47,"discountConfigId":19,"discountConfig":{"id":19,"keyname":"5% OFF con transferencia bancaria","itemsDiscountPct":5,"customItemsDiscountPct":[],"itemsDiscountLimit":0,"itemsLimitMode":"none","itemsCombinationMode":"all","itemsQtyLimit":0,"deliveryDiscountPct":0,"deliveryDiscountLimit":0,"sku":null,"templateKey":null,"templateData":null,"usageLimitPerUser":0,"currencyId":1}}],"currency":{"id":1,"name":"Peso","sign":"$","iso":"ARS"},"dataBySeller":[{"id":4105,"itemsFinalTotal":2465250.04,"deliveryTotal":0,"total":2465250.04,"surcharge":0,"invoiceFile":null,"customData":null,"orderId":"1ee470a2-c755-42d3-b95a-bef0a26be671","sellerId":47,"seller":{"id":47,"name":"Visuar","active":true,"logo":null}}]}},"success":true,"status":200}