{"data":{"order":{"id":null,"total":2595000,"isSimple":false,"mainStatus":"pending","paymentStatus":"pending","totalPaid":0,"stockControl":0,"contextId":2,"currencyId":1,"items":[{"id":null,"qty":1,"refId":"ca1f04f6-2e49-487f-8ba7-5a34c233e174","refType":"product","sku":"SASMF946BLBLAR","name":"Samsung Galaxy Z Fold5 5G Dual-SIM 256 GB / 12 GB RAM Blue","descriptions":null,"initPrice":3459999,"initTotal":3459999,"discount":864999,"discountTotal":864999,"discountsNames":[],"discountPct":25,"price":2595000,"total":2595000,"orderDiscount":0,"orderDiscountPct":0,"orderDiscountTotal":0,"finalPrice":2595000,"finalTotal":2595000,"surchargePct":null,"surcharge":null,"finalDiscount":864999,"finalDiscountPct":25,"finalDiscountTotal":864999,"reachedByOrderDiscount":false,"image":{"id":3158009,"url":"uploads/54308f8366a79b08133aa6a1e2ebfcb04999f6d4.jpg","location":"cdn","type":"image","contentType":"image/jpeg","alt":"Samsung Galaxy Z Fold5 5G Dual-SIM 256 GB / 12 GB RAM Blue","data":{"width":270,"height":270},"fullUrl":"https://d2eebw31vcx88p.cloudfront.net/garbarino/uploads/54308f8366a79b08133aa6a1e2ebfcb04999f6d4.jpg"},"packages":[{"width":137,"height":163,"length":30,"weight":330}],"unitMetric":"unidad/es","packMetric":null,"metricFactor":1,"packQty":1,"type":"physical","digital":null,"customization":null,"customData":{"categories":[{"id":196743,"name":"Celulares, Notebooks Y Tecnología"},{"id":196744,"name":"Celulares Y Teléfonos"},{"id":196980,"name":"Celulares Libres"}],"brand":{"id":1519,"name":"Samsung"},"refPrice":2595000},"makingTime":null,"availabilityDate":null,"externalId":"331013468","ean":"8806095107813","supplier":null,"cartData":{"collectionsIds":["6","25","26","30","31","39","55","57","69","120","148","149","155","156","167"],"productId":"20e16b85-a660-4d74-b87e-c9cecb9de043","hasUniqueVariant":true,"variantId":"ca1f04f6-2e49-487f-8ba7-5a34c233e174","urlName":"samsung-galaxy-z-fold5-5g-dual-sim-256-gb-12-gb-ram-blue","maxQty":null,"minQty":null},"cartItemId":41934,"variantName":"","finalPriceWithSurcharge":2595000,"finalTotalWithSurcharge":2595000,"priceWithSurcharge":2595000,"totalWithSurcharge":2595000,"sellerId":47,"seller":{"id":47,"name":"Visuar","active":true,"logo":null}}],"payments":[],"deliveries":[],"discounts":[],"currency":{"id":1,"name":"Peso","sign":"$","iso":"ARS"},"dataBySeller":[{"id":null,"itemsFinalTotal":2595000,"deliveryTotal":0,"total":2595000,"surcharge":0,"sellerId":47,"seller":{"id":47,"name":"Visuar","active":true,"logo":null}}]},"result":{"type":"added","qty":1,"product":{"id":"20e16b85-a660-4d74-b87e-c9cecb9de043","name":"Samsung Galaxy Z Fold5 5G Dual-SIM 256 GB / 12 GB RAM Blue","urlName":"samsung-galaxy-z-fold5-5g-dual-sim-256-gb-12-gb-ram-blue","keywords":[],"complete":true,"active":true,"activeFrom":null,"shopable":true,"buyable":true,"hasUniqueVariant":true,"packMetric":null,"unitMetric":"unidad/es","vAttrsPos":null,"relevance":601,"custom":{},"images":[{"thumb":{"id":3158001,"url":"uploads/0a33852a228358a8286921bc659838ec658385b0.jpg","location":"cdn","type":"image","contentType":"image/jpeg","alt":"Samsung Galaxy Z Fold5 5G Dual-SIM 256 GB / 12 GB RAM Blue","data":{"width":80,"height":80},"fullUrl":"https://d2eebw31vcx88p.cloudfront.net/garbarino/uploads/0a33852a228358a8286921bc659838ec658385b0.jpg"},"_multiple":true,"square":{"id":3158009,"url":"uploads/54308f8366a79b08133aa6a1e2ebfcb04999f6d4.jpg","location":"cdn","type":"image","contentType":"image/jpeg","alt":"Samsung Galaxy Z Fold5 5G Dual-SIM 256 GB / 12 GB RAM Blue","data":{"width":270,"height":270},"fullUrl":"https://d2eebw31vcx88p.cloudfront.net/garbarino/uploads/54308f8366a79b08133aa6a1e2ebfcb04999f6d4.jpg"},"medium":{"id":3158020,"url":"uploads/4fb9ce42571f177dae899fca0f6e221307100bc0.jpg","location":"cdn","type":"image","contentType":"image/jpeg","alt":"Samsung Galaxy Z Fold5 5G Dual-SIM 256 GB / 12 GB RAM Blue","data":{"width":600,"height":600},"fullUrl":"https://d2eebw31vcx88p.cloudfront.net/garbarino/uploads/4fb9ce42571f177dae899fca0f6e221307100bc0.jpg"},"big":{"id":3158033,"url":"uploads/c46bfe34ae54eed91426ab7e6539886bd5689656.jpg","location":"cdn","type":"image","contentType":"image/jpeg","alt":"Samsung Galaxy Z Fold5 5G Dual-SIM 256 GB / 12 GB RAM Blue","data":{"width":1200,"height":1200},"fullUrl":"https://d2eebw31vcx88p.cloudfront.net/garbarino/uploads/c46bfe34ae54eed91426ab7e6539886bd5689656.jpg"}},{"thumb":{"id":3157994,"url":"uploads/35c1ff440b470e625c910b0f7d2f88f5fec0e744.jpg","location":"cdn","type":"image","contentType":"image/jpeg","alt":"Samsung Galaxy Z Fold5 5G Dual-SIM 256 GB / 12 GB RAM Blue","data":{"width":80,"height":80},"fullUrl":"https://d2eebw31vcx88p.cloudfront.net/garbarino/uploads/35c1ff440b470e625c910b0f7d2f88f5fec0e744.jpg"},"_multiple":true,"square":{"id":3158002,"url":"uploads/b6f024f009a2f9ce62c8cd2afc0c17f38461c7db.jpg","location":"cdn","type":"image","contentType":"image/jpeg","alt":"Samsung Galaxy Z Fold5 5G Dual-SIM 256 GB / 12 GB RAM Blue","data":{"width":270,"height":270},"fullUrl":"https://d2eebw31vcx88p.cloudfront.net/garbarino/uploads/b6f024f009a2f9ce62c8cd2afc0c17f38461c7db.jpg"},"medium":{"id":3158018,"url":"uploads/0039f21c21b8e66edf94e60ba5b1032db4563196.jpg","location":"cdn","type":"image","contentType":"image/jpeg","alt":"Samsung Galaxy Z Fold5 5G Dual-SIM 256 GB / 12 GB RAM Blue","data":{"width":600,"height":600},"fullUrl":"https://d2eebw31vcx88p.cloudfront.net/garbarino/uploads/0039f21c21b8e66edf94e60ba5b1032db4563196.jpg"},"big":{"id":3158029,"url":"uploads/420f9a00440dbe8c9c8a79705b91e6f77a3d0692.jpg","location":"cdn","type":"image","contentType":"image/jpeg","alt":"Samsung Galaxy Z Fold5 5G Dual-SIM 256 GB / 12 GB RAM Blue","data":{"width":1200,"height":1200},"fullUrl":"https://d2eebw31vcx88p.cloudfront.net/garbarino/uploads/420f9a00440dbe8c9c8a79705b91e6f77a3d0692.jpg"}},{"thumb":{"id":3158005,"url":"uploads/c5c4d569c59d98e04382a87cf8390a2be1a57504.jpg","location":"cdn","type":"image","contentType":"image/jpeg","alt":"Samsung Galaxy Z Fold5 5G Dual-SIM 256 GB / 12 GB RAM Blue","data":{"width":80,"height":80},"fullUrl":"https://d2eebw31vcx88p.cloudfront.net/garbarino/uploads/c5c4d569c59d98e04382a87cf8390a2be1a57504.jpg"},"_multiple":true,"square":{"id":3158014,"url":"uploads/377dcb2dd01f4a7aef962f9887b57acfbe786a3b.jpg","location":"cdn","type":"image","contentType":"image/jpeg","alt":"Samsung Galaxy Z Fold5 5G Dual-SIM 256 GB / 12 GB RAM Blue","data":{"width":270,"height":270},"fullUrl":"https://d2eebw31vcx88p.cloudfront.net/garbarino/uploads/377dcb2dd01f4a7aef962f9887b57acfbe786a3b.jpg"},"medium":{"id":3158022,"url":"uploads/26c2e1e67403fa1b443c63bffba4057d34de9a6f.jpg","location":"cdn","type":"image","contentType":"image/jpeg","alt":"Samsung Galaxy Z Fold5 5G Dual-SIM 256 GB / 12 GB RAM Blue","data":{"width":600,"height":600},"fullUrl":"https://d2eebw31vcx88p.cloudfront.net/garbarino/uploads/26c2e1e67403fa1b443c63bffba4057d34de9a6f.jpg"},"big":{"id":3158031,"url":"uploads/e80804114167cbc62f5fff9587a31d8d1a7e4abb.jpg","location":"cdn","type":"image","contentType":"image/jpeg","alt":"Samsung Galaxy Z Fold5 5G Dual-SIM 256 GB / 12 GB RAM Blue","data":{"width":1200,"height":1200},"fullUrl":"https://d2eebw31vcx88p.cloudfront.net/garbarino/uploads/e80804114167cbc62f5fff9587a31d8d1a7e4abb.jpg"}},{"thumb":{"id":3158025,"url":"uploads/874d98dd16d115f9cde757a65e935dac80238e69.jpg","location":"cdn","type":"image","contentType":"image/jpeg","alt":"Samsung Galaxy Z Fold5 5G Dual-SIM 256 GB / 12 GB RAM Blue","data":{"width":80,"height":80},"fullUrl":"https://d2eebw31vcx88p.cloudfront.net/garbarino/uploads/874d98dd16d115f9cde757a65e935dac80238e69.jpg"},"_multiple":true,"square":{"id":3158032,"url":"uploads/94d669fd88d07e69b6f07cffd79e299d310e6489.jpg","location":"cdn","type":"image","contentType":"image/jpeg","alt":"Samsung Galaxy Z Fold5 5G Dual-SIM 256 GB / 12 GB RAM Blue","data":{"width":270,"height":270},"fullUrl":"https://d2eebw31vcx88p.cloudfront.net/garbarino/uploads/94d669fd88d07e69b6f07cffd79e299d310e6489.jpg"},"medium":{"id":3158039,"url":"uploads/0aea5e93d943ce3224bed36bf1df4a7d5075fbcc.jpg","location":"cdn","type":"image","contentType":"image/jpeg","alt":"Samsung Galaxy Z Fold5 5G Dual-SIM 256 GB / 12 GB RAM Blue","data":{"width":600,"height":600},"fullUrl":"https://d2eebw31vcx88p.cloudfront.net/garbarino/uploads/0aea5e93d943ce3224bed36bf1df4a7d5075fbcc.jpg"},"big":{"id":3158041,"url":"uploads/d33cd1f8f060e80351164706f09abef0cf6854ca.jpg","location":"cdn","type":"image","contentType":"image/jpeg","alt":"Samsung Galaxy Z Fold5 5G Dual-SIM 256 GB / 12 GB RAM Blue","data":{"width":1200,"height":1200},"fullUrl":"https://d2eebw31vcx88p.cloudfront.net/garbarino/uploads/d33cd1f8f060e80351164706f09abef0cf6854ca.jpg"}},{"thumb":{"id":3158008,"url":"uploads/7b56eac94fb38453ffb54453e91b78a3c6296676.jpg","location":"cdn","type":"image","contentType":"image/jpeg","alt":"Samsung Galaxy Z Fold5 5G Dual-SIM 256 GB / 12 GB RAM Blue","data":{"width":80,"height":80},"fullUrl":"https://d2eebw31vcx88p.cloudfront.net/garbarino/uploads/7b56eac94fb38453ffb54453e91b78a3c6296676.jpg"},"_multiple":true,"square":{"id":3158017,"url":"uploads/9412ed58e01e525f5cc3814126b5ba44e64a8e94.jpg","location":"cdn","type":"image","contentType":"image/jpeg","alt":"Samsung Galaxy Z Fold5 5G Dual-SIM 256 GB / 12 GB RAM Blue","data":{"width":270,"height":270},"fullUrl":"https://d2eebw31vcx88p.cloudfront.net/garbarino/uploads/9412ed58e01e525f5cc3814126b5ba44e64a8e94.jpg"},"medium":{"id":3158028,"url":"uploads/ac2ec8694c6c0ffed9ce6f9405de4d0bfede70a0.jpg","location":"cdn","type":"image","contentType":"image/jpeg","alt":"Samsung Galaxy Z Fold5 5G Dual-SIM 256 GB / 12 GB RAM Blue","data":{"width":600,"height":600},"fullUrl":"https://d2eebw31vcx88p.cloudfront.net/garbarino/uploads/ac2ec8694c6c0ffed9ce6f9405de4d0bfede70a0.jpg"},"big":{"id":3158037,"url":"uploads/2bc529244de9c4e830be3b3452e6e31a5e6c9d96.jpg","location":"cdn","type":"image","contentType":"image/jpeg","alt":"Samsung Galaxy Z Fold5 5G Dual-SIM 256 GB / 12 GB RAM Blue","data":{"width":1200,"height":1200},"fullUrl":"https://d2eebw31vcx88p.cloudfront.net/garbarino/uploads/2bc529244de9c4e830be3b3452e6e31a5e6c9d96.jpg"}},{"thumb":{"id":3158003,"url":"uploads/dfde1e8a197df62f9ed6aa791756b85fe9fb603c.jpg","location":"cdn","type":"image","contentType":"image/jpeg","alt":"Samsung Galaxy Z Fold5 5G Dual-SIM 256 GB / 12 GB RAM Blue","data":{"width":80,"height":80},"fullUrl":"https://d2eebw31vcx88p.cloudfront.net/garbarino/uploads/dfde1e8a197df62f9ed6aa791756b85fe9fb603c.jpg"},"_multiple":true,"square":{"id":3158015,"url":"uploads/90847f2d8af538b2cbb974cb84cbc971b7a069c8.jpg","location":"cdn","type":"image","contentType":"image/jpeg","alt":"Samsung Galaxy Z Fold5 5G Dual-SIM 256 GB / 12 GB RAM Blue","data":{"width":270,"height":270},"fullUrl":"https://d2eebw31vcx88p.cloudfront.net/garbarino/uploads/90847f2d8af538b2cbb974cb84cbc971b7a069c8.jpg"},"medium":{"id":3158026,"url":"uploads/73fe98cd3dd621d4e97ad1445059d1c238675cb0.jpg","location":"cdn","type":"image","contentType":"image/jpeg","alt":"Samsung Galaxy Z Fold5 5G Dual-SIM 256 GB / 12 GB RAM Blue","data":{"width":600,"height":600},"fullUrl":"https://d2eebw31vcx88p.cloudfront.net/garbarino/uploads/73fe98cd3dd621d4e97ad1445059d1c238675cb0.jpg"},"big":{"id":3158036,"url":"uploads/e993f7f73e1d09375ab98807abe85e48cd0fdb23.jpg","location":"cdn","type":"image","contentType":"image/jpeg","alt":"Samsung Galaxy Z Fold5 5G Dual-SIM 256 GB / 12 GB RAM Blue","data":{"width":1200,"height":1200},"fullUrl":"https://d2eebw31vcx88p.cloudfront.net/garbarino/uploads/e993f7f73e1d09375ab98807abe85e48cd0fdb23.jpg"}},{"thumb":{"id":3158010,"url":"uploads/fd2a4f4695c14a6a3ff34cfb89e58dbaf6b883ac.jpg","location":"cdn","type":"image","contentType":"image/jpeg","alt":"Samsung Galaxy Z Fold5 5G Dual-SIM 256 GB / 12 GB RAM Blue","data":{"width":80,"height":80},"fullUrl":"https://d2eebw31vcx88p.cloudfront.net/garbarino/uploads/fd2a4f4695c14a6a3ff34cfb89e58dbaf6b883ac.jpg"},"_multiple":true,"square":{"id":3158019,"url":"uploads/8f5583aa3301d6534512e412549cc5530de3996b.jpg","location":"cdn","type":"image","contentType":"image/jpeg","alt":"Samsung Galaxy Z Fold5 5G Dual-SIM 256 GB / 12 GB RAM Blue","data":{"width":270,"height":270},"fullUrl":"https://d2eebw31vcx88p.cloudfront.net/garbarino/uploads/8f5583aa3301d6534512e412549cc5530de3996b.jpg"},"medium":{"id":3158027,"url":"uploads/2ad42950bc2e538e1f03c4259e6aa3597013aac9.jpg","location":"cdn","type":"image","contentType":"image/jpeg","alt":"Samsung Galaxy Z Fold5 5G Dual-SIM 256 GB / 12 GB RAM Blue","data":{"width":600,"height":600},"fullUrl":"https://d2eebw31vcx88p.cloudfront.net/garbarino/uploads/2ad42950bc2e538e1f03c4259e6aa3597013aac9.jpg"},"big":{"id":3158038,"url":"uploads/7df5ae6e44a4de8426701b819d47d29c98d977f9.jpg","location":"cdn","type":"image","contentType":"image/jpeg","alt":"Samsung Galaxy Z Fold5 5G Dual-SIM 256 GB / 12 GB RAM Blue","data":{"width":1200,"height":1200},"fullUrl":"https://d2eebw31vcx88p.cloudfront.net/garbarino/uploads/7df5ae6e44a4de8426701b819d47d29c98d977f9.jpg"}},{"thumb":{"id":3158016,"url":"uploads/81cc9e7c1e51fa6cb862a9498f262bc7b8f66077.jpg","location":"cdn","type":"image","contentType":"image/jpeg","alt":"Samsung Galaxy Z Fold5 5G Dual-SIM 256 GB / 12 GB RAM Blue","data":{"width":80,"height":80},"fullUrl":"https://d2eebw31vcx88p.cloudfront.net/garbarino/uploads/81cc9e7c1e51fa6cb862a9498f262bc7b8f66077.jpg"},"_multiple":true,"square":{"id":3158023,"url":"uploads/527eecddf49d890a60f753edc6a7fdd7fa6683ae.jpg","location":"cdn","type":"image","contentType":"image/jpeg","alt":"Samsung Galaxy Z Fold5 5G Dual-SIM 256 GB / 12 GB RAM Blue","data":{"width":270,"height":270},"fullUrl":"https://d2eebw31vcx88p.cloudfront.net/garbarino/uploads/527eecddf49d890a60f753edc6a7fdd7fa6683ae.jpg"},"medium":{"id":3158030,"url":"uploads/377cfd5ea96440ece00cc4c88c048212131ea60d.jpg","location":"cdn","type":"image","contentType":"image/jpeg","alt":"Samsung Galaxy Z Fold5 5G Dual-SIM 256 GB / 12 GB RAM Blue","data":{"width":600,"height":600},"fullUrl":"https://d2eebw31vcx88p.cloudfront.net/garbarino/uploads/377cfd5ea96440ece00cc4c88c048212131ea60d.jpg"},"big":{"id":3158040,"url":"uploads/3ca72bcd238bc7a88849073519f11ca336751cda.jpg","location":"cdn","type":"image","contentType":"image/jpeg","alt":"Samsung Galaxy Z Fold5 5G Dual-SIM 256 GB / 12 GB RAM Blue","data":{"width":1200,"height":1200},"fullUrl":"https://d2eebw31vcx88p.cloudfront.net/garbarino/uploads/3ca72bcd238bc7a88849073519f11ca336751cda.jpg"}},{"thumb":{"id":3158004,"url":"uploads/fdce510c000885609616abfcfd66b99304596ba2.jpg","location":"cdn","type":"image","contentType":"image/jpeg","alt":"Samsung Galaxy Z Fold5 5G Dual-SIM 256 GB / 12 GB RAM Blue","data":{"width":80,"height":80},"fullUrl":"https://d2eebw31vcx88p.cloudfront.net/garbarino/uploads/fdce510c000885609616abfcfd66b99304596ba2.jpg"},"_multiple":true,"square":{"id":3158012,"url":"uploads/34e18c686f621592ae0e7468235ce923aa49adc0.jpg","location":"cdn","type":"image","contentType":"image/jpeg","alt":"Samsung Galaxy Z Fold5 5G Dual-SIM 256 GB / 12 GB RAM Blue","data":{"width":270,"height":270},"fullUrl":"https://d2eebw31vcx88p.cloudfront.net/garbarino/uploads/34e18c686f621592ae0e7468235ce923aa49adc0.jpg"},"medium":{"id":3158021,"url":"uploads/310d612be3300fca57823eda58a0ed6a5ef77a68.jpg","location":"cdn","type":"image","contentType":"image/jpeg","alt":"Samsung Galaxy Z Fold5 5G Dual-SIM 256 GB / 12 GB RAM Blue","data":{"width":600,"height":600},"fullUrl":"https://d2eebw31vcx88p.cloudfront.net/garbarino/uploads/310d612be3300fca57823eda58a0ed6a5ef77a68.jpg"},"big":{"id":3158034,"url":"uploads/98c501cba4bff2cabed4a93a00ee9362581c12bc.jpg","location":"cdn","type":"image","contentType":"image/jpeg","alt":"Samsung Galaxy Z Fold5 5G Dual-SIM 256 GB / 12 GB RAM Blue","data":{"width":1200,"height":1200},"fullUrl":"https://d2eebw31vcx88p.cloudfront.net/garbarino/uploads/98c501cba4bff2cabed4a93a00ee9362581c12bc.jpg"}},{"thumb":{"id":3158007,"url":"uploads/fa511e467fcefaa854aaba2f7544f19350794c1b.jpg","location":"cdn","type":"image","contentType":"image/jpeg","alt":"Samsung Galaxy Z Fold5 5G Dual-SIM 256 GB / 12 GB RAM Blue","data":{"width":80,"height":80},"fullUrl":"https://d2eebw31vcx88p.cloudfront.net/garbarino/uploads/fa511e467fcefaa854aaba2f7544f19350794c1b.jpg"},"_multiple":true,"square":{"id":3158013,"url":"uploads/28ca520f15878d7699dba9ee8ed0b32324f5b25f.jpg","location":"cdn","type":"image","contentType":"image/jpeg","alt":"Samsung Galaxy Z Fold5 5G Dual-SIM 256 GB / 12 GB RAM Blue","data":{"width":270,"height":270},"fullUrl":"https://d2eebw31vcx88p.cloudfront.net/garbarino/uploads/28ca520f15878d7699dba9ee8ed0b32324f5b25f.jpg"},"medium":{"id":3158024,"url":"uploads/2aefb3b67977133a94bdfcd20a93ce452c648fda.jpg","location":"cdn","type":"image","contentType":"image/jpeg","alt":"Samsung Galaxy Z Fold5 5G Dual-SIM 256 GB / 12 GB RAM Blue","data":{"width":600,"height":600},"fullUrl":"https://d2eebw31vcx88p.cloudfront.net/garbarino/uploads/2aefb3b67977133a94bdfcd20a93ce452c648fda.jpg"},"big":{"id":3158035,"url":"uploads/dd21a65b6bf0d461b2dc204c324bd0617a9870ba.jpg","location":"cdn","type":"image","contentType":"image/jpeg","alt":"Samsung Galaxy Z Fold5 5G Dual-SIM 256 GB / 12 GB RAM Blue","data":{"width":1200,"height":1200},"fullUrl":"https://d2eebw31vcx88p.cloudfront.net/garbarino/uploads/dd21a65b6bf0d461b2dc204c324bd0617a9870ba.jpg"}}],"videos":null,"externalId":"175291379","supplier":null,"pubStatus":"approved","pubReason":null,"ratingCount":0,"ratingAvg":0,"createdAt":"2024-02-20 09:53:48","updatedAt":"2024-04-11 22:46:19","mustUpdate":true,"collectionsIds":["6","25","26","30","31","39","55","57","69","120","148","149","155","156","167"],"sellerId":47,"brandId":1519,"categoryId":196980,"seller":{"id":47,"name":"Visuar","active":true,"logo":null},"brand":{"id":1519,"name":"Samsung","urlName":"samsung","logo":null},"variants":[{"id":"ca1f04f6-2e49-487f-8ba7-5a34c233e174","sku":"SASMF946BLBLAR","ean":"8806095107813","externalId":"331013468","packages":[{"width":137,"height":163,"length":30,"weight":330}],"metricFactor":1,"type":"physical","digital":null,"main":true,"forDisplay":true,"position":0,"custom":{},"imageIdx":0,"clicoh":null,"productId":"20e16b85-a660-4d74-b87e-c9cecb9de043","stock":{"id":79635,"realQty":3,"reservedQty":1,"qty":2,"deferredDelivery":null,"availabilityDate":null,"maxBuyableQty":null,"minBuyableQty":null,"infiniteQty":false,"message":null,"availability":"InStock","productVariantId":"ca1f04f6-2e49-487f-8ba7-5a34c233e174"},"pvPrice":{"id":107058,"basePrice":3459999,"modifPrice":3459999,"configDiscountPct":0,"extraDiscountPct":25,"discountPct":25,"prevPrice":3459999,"price":2595000,"productVariantId":"ca1f04f6-2e49-487f-8ba7-5a34c233e174","priceConfigId":1,"priceConfigDiscountId":null,"priceConfig":{"id":1,"keyname":"default","roundMode":"ceil","relativeWithExtraDiscountPct":false,"relativeToModifPrice":false,"relativeToId":null,"currencyId":1,"currency":{"id":1,"name":"Peso","sign":"$","iso":"ARS"}}},"attrs":[]}],"attrs":[{"attrKeyId":1173,"id":3067,"v":"80882300953","urlV":"80882300953","displayValue":null,"displayMedia":null,"attrKey":{"id":1173,"k":"Homologación Anatel Nº","urlK":"homologacion-anatel-no","shopFilter":false,"displayAs":null}},{"attrKeyId":1168,"id":3068,"v":"SM-F946B","urlV":"sm-f946b","displayValue":null,"displayMedia":null,"attrKey":{"id":1168,"k":"Versiones","urlK":"versiones","shopFilter":false,"displayAs":null}},{"attrKeyId":57,"id":3069,"v":"Galaxy Z","urlV":"galaxy-z","displayValue":null,"displayMedia":null,"attrKey":{"id":57,"k":"Línea","urlK":"linea","shopFilter":false,"displayAs":null}},{"attrKeyId":283,"id":595,"v":"Liberado","urlV":"liberado","displayValue":null,"displayMedia":null,"attrKey":{"id":283,"k":"Compañía telefónica","urlK":"compania-telefonica","shopFilter":false,"displayAs":null}},{"attrKeyId":269,"id":1559,"v":"Android","urlV":"android","displayValue":null,"displayMedia":null,"attrKey":{"id":269,"k":"Nombre del sistema operativo","urlK":"nombre-del-sistema-operativo","shopFilter":true,"displayAs":null}},{"attrKeyId":631,"id":1358,"v":"5G","urlV":"5g","displayValue":null,"displayMedia":null,"attrKey":{"id":631,"k":"Red","urlK":"red","shopFilter":false,"displayAs":null}},{"attrKeyId":280,"id":590,"v":"256 GB","urlV":"256-gb","displayValue":null,"displayMedia":null,"attrKey":{"id":280,"k":"Memoria interna","urlK":"memoria-interna","shopFilter":true,"displayAs":null}},{"attrKeyId":31,"id":3070,"v":"Z Fold5","urlV":"z-fold5","displayValue":null,"displayMedia":null,"attrKey":{"id":31,"k":"Modelo","urlK":"modelo","shopFilter":false,"displayAs":null}},{"attrKeyId":742,"id":3071,"v":"Z Fold5","urlV":"z-fold5","displayValue":null,"displayMedia":null,"attrKey":{"id":742,"k":"Modelo detallado","urlK":"modelo-detallado","shopFilter":false,"displayAs":null}},{"attrKeyId":284,"id":3072,"v":"Qualcomm SM8550-AC Snapdragon 8 Gen 2 (4 nm)","urlV":"qualcomm-sm8550-ac-snapdragon-8-gen-2-4-nm","displayValue":null,"displayMedia":null,"attrKey":{"id":284,"k":"Modelo del procesador","urlK":"modelo-del-procesador","shopFilter":false,"displayAs":null}},{"attrKeyId":285,"id":3073,"v":"3.36 GHz","urlV":"3-36-g-hz","displayValue":null,"displayMedia":null,"attrKey":{"id":285,"k":"Velocidad del procesador","urlK":"velocidad-del-procesador","shopFilter":false,"displayAs":null}},{"attrKeyId":740,"id":3074,"v":"4400 mAh","urlV":"4400-m-ah","displayValue":null,"displayMedia":null,"attrKey":{"id":740,"k":"Capacidad de la batería","urlK":"capacidad-de-la-bateria","shopFilter":false,"displayAs":null}},{"attrKeyId":1145,"id":3075,"v":"One UI 5.1.1","urlV":"one-ui-5-1-1","displayValue":null,"displayMedia":null,"attrKey":{"id":1145,"k":"Capa original de personalización del sistema operativo","urlK":"capa-original-de-personalizacion-del-sistema-operativo","shopFilter":false,"displayAs":null}},{"attrKeyId":40,"id":3076,"v":"253 g","urlV":"253-g","displayValue":null,"displayMedia":null,"attrKey":{"id":40,"k":"Peso","urlK":"peso","shopFilter":false,"displayAs":null}},{"attrKeyId":90,"id":3077,"v":"Cable de datos,Herramienta de extracción de SIM,Guía de inicio rápido","urlV":"cable-de-datos-herramienta-de-extraccion-de-sim-guia-de-inicio-rapido","displayValue":null,"displayMedia":null,"attrKey":{"id":90,"k":"Accesorios incluidos","urlK":"accesorios-incluidos","shopFilter":false,"displayAs":null}},{"attrKeyId":139,"id":3078,"v":"7.6 \"","urlV":"7-6","displayValue":null,"displayMedia":null,"attrKey":{"id":139,"k":"Tamaño de la pantalla","urlK":"tamano-de-la-pantalla","shopFilter":true,"displayAs":null}},{"attrKeyId":1161,"id":3030,"v":"Sí","urlV":"si","displayValue":null,"displayMedia":null,"attrKey":{"id":1161,"k":"Es Dual SIM","urlK":"es-dual-sim","shopFilter":false,"displayAs":null}},{"attrKeyId":1112,"id":2965,"v":"Sí","urlV":"si","displayValue":null,"displayMedia":null,"attrKey":{"id":1112,"k":"Con cámara","urlK":"con-camara","shopFilter":false,"displayAs":null}},{"attrKeyId":1130,"id":2993,"v":"Sí","urlV":"si","displayValue":null,"displayMedia":null,"attrKey":{"id":1130,"k":"Con acelerómetro","urlK":"con-acelerometro","shopFilter":false,"displayAs":null}},{"attrKeyId":1136,"id":2999,"v":"Sí","urlV":"si","displayValue":null,"displayMedia":null,"attrKey":{"id":1136,"k":"Con sensor de proximidad","urlK":"con-sensor-de-proximidad","shopFilter":false,"displayAs":null}},{"attrKeyId":77,"id":257,"v":"Sí","urlV":"si","displayValue":null,"displayMedia":null,"attrKey":{"id":77,"k":"Es resistente al agua","urlK":"es-resistente-al-agua","shopFilter":false,"displayAs":null}},{"attrKeyId":1159,"id":3028,"v":"Sí","urlV":"si","displayValue":null,"displayMedia":null,"attrKey":{"id":1159,"k":"Con carga inalámbrica","urlK":"con-carga-inalambrica","shopFilter":false,"displayAs":null}},{"attrKeyId":1111,"id":2964,"v":"Sí","urlV":"si","displayValue":null,"displayMedia":null,"attrKey":{"id":1111,"k":"Con barómetro","urlK":"con-barometro","shopFilter":false,"displayAs":null}},{"attrKeyId":1151,"id":3018,"v":"Sí","urlV":"si","displayValue":null,"displayMedia":null,"attrKey":{"id":1151,"k":"Con carga rápida","urlK":"con-carga-rapida","shopFilter":false,"displayAs":null}},{"attrKeyId":1153,"id":3020,"v":"Sí","urlV":"si","displayValue":null,"displayMedia":null,"attrKey":{"id":1153,"k":"Con IMEI","urlK":"con-imei","shopFilter":false,"displayAs":null}},{"attrKeyId":165,"id":3026,"v":"Sí","urlV":"si","displayValue":null,"displayMedia":null,"attrKey":{"id":165,"k":"Con pantalla táctil","urlK":"con-pantalla-tactil","shopFilter":false,"displayAs":null}},{"attrKeyId":1115,"id":2968,"v":"Sí","urlV":"si","displayValue":null,"displayMedia":null,"attrKey":{"id":1115,"k":"Con lector de huella digital","urlK":"con-lector-de-huella-digital","shopFilter":false,"displayAs":null}},{"attrKeyId":1114,"id":2967,"v":"Sí","urlV":"si","displayValue":null,"displayMedia":null,"attrKey":{"id":1114,"k":"Con reconocimiento facial","urlK":"con-reconocimiento-facial","shopFilter":false,"displayAs":null}},{"attrKeyId":1123,"id":2976,"v":"Sí","urlV":"si","displayValue":null,"displayMedia":null,"attrKey":{"id":1123,"k":"Con conector USB","urlK":"con-conector-usb","shopFilter":false,"displayAs":null}},{"attrKeyId":255,"id":545,"v":"Sí","urlV":"si","displayValue":null,"displayMedia":null,"attrKey":{"id":255,"k":"Con Wi-Fi","urlK":"con-wi-fi","shopFilter":false,"displayAs":null}},{"attrKeyId":1129,"id":2992,"v":"Sí","urlV":"si","displayValue":null,"displayMedia":null,"attrKey":{"id":1129,"k":"Con GPS","urlK":"con-gps","shopFilter":false,"displayAs":null}},{"attrKeyId":157,"id":382,"v":"Sí","urlV":"si","displayValue":null,"displayMedia":null,"attrKey":{"id":157,"k":"Con Bluetooth","urlK":"con-bluetooth","shopFilter":false,"displayAs":null}},{"attrKeyId":389,"id":812,"v":"Sí","urlV":"si","displayValue":null,"displayMedia":null,"attrKey":{"id":389,"k":"Con NFC","urlK":"con-nfc","shopFilter":false,"displayAs":null}},{"attrKeyId":1117,"id":2970,"v":"Sí","urlV":"si","displayValue":null,"displayMedia":null,"attrKey":{"id":1117,"k":"Con giroscopio","urlK":"con-giroscopio","shopFilter":false,"displayAs":null}},{"attrKeyId":1113,"id":2966,"v":"Sí","urlV":"si","displayValue":null,"displayMedia":null,"attrKey":{"id":1113,"k":"Con brújula","urlK":"con-brujula","shopFilter":false,"displayAs":null}},{"attrKeyId":1104,"id":3079,"v":"No","urlV":"no","displayValue":null,"displayMedia":null,"attrKey":{"id":1104,"k":"Es resistente al polvo","urlK":"es-resistente-al-polvo","shopFilter":false,"displayAs":null}},{"attrKeyId":1150,"id":3017,"v":"No","urlV":"no","displayValue":null,"displayMedia":null,"attrKey":{"id":1150,"k":"Con conector jack 3.5 mm","urlK":"con-conector-jack-3-5-mm","shopFilter":false,"displayAs":null}},{"attrKeyId":1154,"id":3021,"v":"No","urlV":"no","displayValue":null,"displayMedia":null,"attrKey":{"id":1154,"k":"Con ranura para tarjeta de memoria","urlK":"con-ranura-para-tarjeta-de-memoria","shopFilter":false,"displayAs":null}},{"attrKeyId":1156,"id":3024,"v":"No","urlV":"no","displayValue":null,"displayMedia":null,"attrKey":{"id":1156,"k":"Con teclado QWERTY físico","urlK":"con-teclado-qwerty-fisico","shopFilter":false,"displayAs":null}},{"attrKeyId":1157,"id":3025,"v":"No","urlV":"no","displayValue":null,"displayMedia":null,"attrKey":{"id":1157,"k":"Con batería removible","urlK":"con-bateria-removible","shopFilter":false,"displayAs":null}},{"attrKeyId":281,"id":592,"v":"Full HD+","urlV":"full-hd","displayValue":null,"displayMedia":null,"attrKey":{"id":281,"k":"Tipo de resolución de la pantalla","urlK":"tipo-de-resolucion-de-la-pantalla","shopFilter":false,"displayAs":null}},{"attrKeyId":709,"id":1560,"v":"13","urlV":"13","displayValue":null,"displayMedia":null,"attrKey":{"id":709,"k":"Versión original del sistema operativo","urlK":"version-original-del-sistema-operativo","shopFilter":false,"displayAs":null}},{"attrKeyId":1149,"id":3080,"v":"IPX8","urlV":"ipx8","displayValue":null,"displayMedia":null,"attrKey":{"id":1149,"k":"Clasificación IP","urlK":"clasificacion-ip","shopFilter":false,"displayAs":null}},{"attrKeyId":1032,"id":3081,"v":"Polímero de litio","urlV":"polimero-de-litio","displayValue":null,"displayMedia":null,"attrKey":{"id":1032,"k":"Tipo de batería","urlK":"tipo-de-bateria","shopFilter":false,"displayAs":null}},{"attrKeyId":614,"id":1311,"v":"8","urlV":"8","displayValue":null,"displayMedia":null,"attrKey":{"id":614,"k":"Cantidad de núcleos del procesador","urlK":"cantidad-de-nucleos-del-procesador","shopFilter":false,"displayAs":null}},{"attrKeyId":1098,"id":2945,"v":"1","urlV":"1","displayValue":null,"displayMedia":null,"attrKey":{"id":1098,"k":"Cantidad de ranuras para tarjeta SIM","urlK":"cantidad-de-ranuras-para-tarjeta-sim","shopFilter":false,"displayAs":null}},{"attrKeyId":1106,"id":3082,"v":"Android 13","urlV":"android-13","displayValue":null,"displayMedia":null,"attrKey":{"id":1106,"k":"Última versión compatible del sistema operativo","urlK":"ultima-version-compatible-del-sistema-operativo","shopFilter":false,"displayAs":null}},{"attrKeyId":1174,"id":3083,"v":"One UI 5.1.1","urlV":"one-ui-5-1-1","displayValue":null,"displayMedia":null,"attrKey":{"id":1174,"k":"Última capa compatible de personalización del sistema operativo","urlK":"ultima-capa-compatible-de-personalizacion-del-sistema-operativo","shopFilter":false,"displayAs":null}},{"attrKeyId":148,"id":3084,"v":"Infinity Flex Display","urlV":"infinity-flex-display","displayValue":null,"displayMedia":null,"attrKey":{"id":148,"k":"Tipo de pantalla","urlK":"tipo-de-pantalla","shopFilter":false,"displayAs":null}},{"attrKeyId":1155,"id":3085,"v":"373 ppi","urlV":"373-ppi","displayValue":null,"displayMedia":null,"attrKey":{"id":1155,"k":"Píxeles por pulgada de la pantalla","urlK":"pixeles-por-pulgada-de-la-pantalla","shopFilter":false,"displayAs":null}},{"attrKeyId":192,"id":3086,"v":"154.9 mm","urlV":"154-9-mm","displayValue":null,"displayMedia":null,"attrKey":{"id":192,"k":"Altura","urlK":"altura","shopFilter":false,"displayAs":null}},{"attrKeyId":728,"id":3087,"v":"129.9 mm","urlV":"129-9-mm","displayValue":null,"displayMedia":null,"attrKey":{"id":728,"k":"Ancho","urlK":"ancho","shopFilter":false,"displayAs":null}},{"attrKeyId":1147,"id":3014,"v":"Adreno 740","urlV":"adreno-740","displayValue":null,"displayMedia":null,"attrKey":{"id":1147,"k":"Modelo de GPU","urlK":"modelo-de-gpu","shopFilter":false,"displayAs":null}},{"attrKeyId":1146,"id":3088,"v":"1x3.36 GHz Cortex-X3 & 2x2.8 GHz Cortex-A715 & 2x2.8 GHz Cortex-A710 & 3x2.0 GHz Cortex-A510","urlV":"1x3-36-g-hz-cortex-x3-2x2-8-g-hz-cortex-a715-2x2-8-g-hz-cortex-a710-3x2-0-g-hz-cortex-a510","displayValue":null,"displayMedia":null,"attrKey":{"id":1146,"k":"Modelos de CPU","urlK":"modelos-de-cpu","shopFilter":false,"displayAs":null}},{"attrKeyId":824,"id":3089,"v":"6.1 mm","urlV":"6-1-mm","displayValue":null,"displayMedia":null,"attrKey":{"id":824,"k":"Profundidad","urlK":"profundidad","shopFilter":false,"displayAs":null}},{"attrKeyId":617,"id":1315,"v":"USB-C","urlV":"usb-c","displayValue":null,"displayMedia":null,"attrKey":{"id":617,"k":"Tipo de conector de carga","urlK":"tipo-de-conector-de-carga","shopFilter":false,"displayAs":null}},{"attrKeyId":465,"id":2765,"v":"120 Hz","urlV":"120-hz","displayValue":null,"displayMedia":null,"attrKey":{"id":465,"k":"Frecuencia de actualización de la pantalla","urlK":"frecuencia-de-actualizacion-de-la-pantalla","shopFilter":false,"displayAs":null}},{"attrKeyId":401,"id":3090,"v":"3","urlV":"3","displayValue":null,"displayMedia":null,"attrKey":{"id":401,"k":"Cantidad de cámaras traseras","urlK":"cantidad-de-camaras-traseras","shopFilter":false,"displayAs":null}},{"attrKeyId":714,"id":3091,"v":"Autoenfoque,Flash LED,HDR frontal,HDR10+ video,Modo timer","urlV":"autoenfoque-flash-led-hdr-frontal-hdr10-video-modo-timer","displayValue":null,"displayMedia":null,"attrKey":{"id":714,"k":"Características principales de las cámaras","urlK":"caracteristicas-principales-de-las-camaras","shopFilter":false,"displayAs":null}},{"attrKeyId":402,"id":3002,"v":"1","urlV":"1","displayValue":null,"displayMedia":null,"attrKey":{"id":402,"k":"Cantidad de cámaras frontales","urlK":"cantidad-de-camaras-frontales","shopFilter":false,"displayAs":null}},{"attrKeyId":615,"id":1313,"v":"50 Mpx","urlV":"50-mpx","displayValue":null,"displayMedia":null,"attrKey":{"id":615,"k":"Resolución de la cámara trasera principal","urlK":"resolucion-de-la-camara-trasera-principal","shopFilter":false,"displayAs":null}},{"attrKeyId":616,"id":3092,"v":"10 Mpx","urlV":"10-mpx","displayValue":null,"displayMedia":null,"attrKey":{"id":616,"k":"Resolución de la cámara frontal principal","urlK":"resolucion-de-la-camara-frontal-principal","shopFilter":false,"displayAs":null}},{"attrKeyId":1110,"id":3093,"v":"12 Mpx","urlV":"12-mpx","displayValue":null,"displayMedia":null,"attrKey":{"id":1110,"k":"Resolución de la cámara gran angular","urlK":"resolucion-de-la-camara-gran-angular","shopFilter":false,"displayAs":null}},{"attrKeyId":403,"id":3094,"v":"50 Mpx/12 Mpx/10 Mpx","urlV":"50-mpx-12-mpx-10-mpx","displayValue":null,"displayMedia":null,"attrKey":{"id":403,"k":"Resolución de las cámaras traseras","urlK":"resolucion-de-las-camaras-traseras","shopFilter":false,"displayAs":null}},{"attrKeyId":1108,"id":3095,"v":"f 1.8","urlV":"f-1-8","displayValue":null,"displayMedia":null,"attrKey":{"id":1108,"k":"Apertura del diafragma de la cámara trasera","urlK":"apertura-del-diafragma-de-la-camara-trasera","shopFilter":false,"displayAs":null}},{"attrKeyId":1102,"id":2950,"v":"f 2.2","urlV":"f-2-2","displayValue":null,"displayMedia":null,"attrKey":{"id":1102,"k":"Apertura del diafragma de la cámara frontal","urlK":"apertura-del-diafragma-de-la-camara-frontal","shopFilter":false,"displayAs":null}},{"attrKeyId":1167,"id":3040,"v":"3x","urlV":"3x","displayValue":null,"displayMedia":null,"attrKey":{"id":1167,"k":"Zoom óptico","urlK":"zoom-optico","shopFilter":false,"displayAs":null}},{"attrKeyId":715,"id":3096,"v":"30x","urlV":"30x","displayValue":null,"displayMedia":null,"attrKey":{"id":715,"k":"Zoom digital","urlK":"zoom-digital","shopFilter":false,"displayAs":null}},{"attrKeyId":1103,"id":3097,"v":"4K","urlV":"4k","displayValue":null,"displayMedia":null,"attrKey":{"id":1103,"k":"Resolución de video de la cámara frontal","urlK":"resolucion-de-video-de-la-camara-frontal","shopFilter":false,"displayAs":null}},{"attrKeyId":251,"id":3098,"v":"2176 px x 1812 px","urlV":"2176-px-x-1812-px","displayValue":null,"displayMedia":null,"attrKey":{"id":251,"k":"Resolución de la pantalla","urlK":"resolucion-de-la-pantalla","shopFilter":false,"displayAs":null}},{"attrKeyId":713,"id":2961,"v":"7680 px x 4320 px","urlV":"7680-px-x-4320-px","displayValue":null,"displayMedia":null,"attrKey":{"id":713,"k":"Resolución de video de la cámara trasera","urlK":"resolucion-de-video-de-la-camara-trasera","shopFilter":false,"displayAs":null}},{"attrKeyId":621,"id":1331,"v":"Nano-SIM","urlV":"nano-sim","displayValue":null,"displayMedia":null,"attrKey":{"id":621,"k":"Tamaños de tarjeta SIM compatibles","urlK":"tamanos-de-tarjeta-sim-compatibles","shopFilter":false,"displayAs":null}},{"attrKeyId":1126,"id":3099,"v":"Dynamic AMOLED 2X","urlV":"dynamic-amoled-2x","displayValue":null,"displayMedia":null,"attrKey":{"id":1126,"k":"Tecnología de la pantalla","urlK":"tecnologia-de-la-pantalla","shopFilter":false,"displayAs":null}},{"attrKeyId":51,"id":215,"v":"Nacional","urlV":"nacional","displayValue":null,"displayMedia":null,"attrKey":{"id":51,"k":"Origen","urlK":"origen","shopFilter":false,"displayAs":null}},{"attrKeyId":1124,"id":2977,"v":"Sí","urlV":"si","displayValue":null,"displayMedia":null,"attrKey":{"id":1124,"k":"Es celular de juego","urlK":"es-celular-de-juego","shopFilter":false,"displayAs":null}},{"attrKeyId":1125,"id":2978,"v":"Sí","urlV":"si","displayValue":null,"displayMedia":null,"attrKey":{"id":1125,"k":"Es celular robusto","urlK":"es-celular-robusto","shopFilter":false,"displayAs":null}},{"attrKeyId":266,"id":1350,"v":"12 GB","urlV":"12-gb","displayValue":null,"displayMedia":null,"attrKey":{"id":266,"k":"Memoria RAM","urlK":"memoria-ram","shopFilter":true,"displayAs":null}},{"attrKeyId":1175,"id":3100,"v":"13.4 mm","urlV":"13-4-mm","displayValue":null,"displayMedia":null,"attrKey":{"id":1175,"k":"Profundidad cerrado","urlK":"profundidad-cerrado","shopFilter":false,"displayAs":null}},{"attrKeyId":1176,"id":3101,"v":"154.9 mm","urlV":"154-9-mm","displayValue":null,"displayMedia":null,"attrKey":{"id":1176,"k":"Altura cerrado","urlK":"altura-cerrado","shopFilter":false,"displayAs":null}},{"attrKeyId":1177,"id":3102,"v":"67.1 mm","urlV":"67-1-mm","displayValue":null,"displayMedia":null,"attrKey":{"id":1177,"k":"Ancho cerrado","urlK":"ancho-cerrado","shopFilter":false,"displayAs":null}},{"attrKeyId":1178,"id":3103,"v":"2316 px x 904 px","urlV":"2316-px-x-904-px","displayValue":null,"displayMedia":null,"attrKey":{"id":1178,"k":"Resolución de la pantalla plegada","urlK":"resolucion-de-la-pantalla-plegada","shopFilter":false,"displayAs":null}},{"attrKeyId":1179,"id":3104,"v":"6.2 \"","urlV":"6-2","displayValue":null,"displayMedia":null,"attrKey":{"id":1179,"k":"Tamaño de la pantalla plegada","urlK":"tamano-de-la-pantalla-plegada","shopFilter":false,"displayAs":null}},{"attrKeyId":1100,"id":3105,"v":"10 Mpx","urlV":"10-mpx","displayValue":null,"displayMedia":null,"attrKey":{"id":1100,"k":"Resolución de las cámaras frontales","urlK":"resolucion-de-las-camaras-frontales","shopFilter":false,"displayAs":null}},{"attrKeyId":1096,"id":2941,"v":"Exceptuado","urlV":"exceptuado","displayValue":null,"displayMedia":null,"attrKey":{"id":1096,"k":"Transportabilidad Hazmat","urlK":"transportabilidad-hazmat","shopFilter":false,"displayAs":null}},{"attrKeyId":1148,"id":3106,"v":"No","urlV":"no","displayValue":null,"displayMedia":null,"attrKey":{"id":1148,"k":"Incluye lápiz","urlK":"incluye-lapiz","shopFilter":false,"displayAs":null}},{"attrKeyId":683,"id":1515,"v":"Nuevo","urlV":"nuevo","displayValue":null,"displayMedia":null,"attrKey":{"id":683,"k":"Condición del ítem","urlK":"condicion-del-item","shopFilter":false,"displayAs":null}},{"attrKeyId":1137,"id":3107,"v":"Agosto","urlV":"agosto","displayValue":null,"displayMedia":null,"attrKey":{"id":1137,"k":"Mes de lanzamiento","urlK":"mes-de-lanzamiento","shopFilter":false,"displayAs":null}},{"attrKeyId":1109,"id":2962,"v":"2023","urlV":"2023","displayValue":null,"displayMedia":null,"attrKey":{"id":1109,"k":"Año de lanzamiento","urlK":"ano-de-lanzamiento","shopFilter":false,"displayAs":null}},{"attrKeyId":1180,"id":3108,"v":"Dynamic AMOLED 2X","urlV":"dynamic-amoled-2x","displayValue":null,"displayMedia":null,"attrKey":{"id":1180,"k":"Tecnología de la pantalla secundaria","urlK":"tecnologia-de-la-pantalla-secundaria","shopFilter":false,"displayAs":null}},{"attrKeyId":1163,"id":3034,"v":"Sí","urlV":"si","displayValue":null,"displayMedia":null,"attrKey":{"id":1163,"k":"Con eSIM","urlK":"con-e-sim","shopFilter":false,"displayAs":null}},{"attrKeyId":1116,"id":3109,"v":"Sí","urlV":"si","displayValue":null,"displayMedia":null,"attrKey":{"id":1116,"k":"Con pantalla plegable","urlK":"con-pantalla-plegable","shopFilter":false,"displayAs":null}},{"attrKeyId":1122,"id":3110,"v":"Sí","urlV":"si","displayValue":null,"displayMedia":null,"attrKey":{"id":1122,"k":"Con pantalla secundaria táctil","urlK":"con-pantalla-secundaria-tactil","shopFilter":false,"displayAs":null}},{"attrKeyId":1099,"id":2946,"v":"1","urlV":"1","displayValue":null,"displayMedia":null,"attrKey":{"id":1099,"k":"Cantidad de eSIMs","urlK":"cantidad-de-e-si-ms","shopFilter":false,"displayAs":null}},{"attrKeyId":282,"id":594,"v":"5G","urlV":"5g","displayValue":null,"displayMedia":null,"attrKey":{"id":282,"k":"Red móvil","urlK":"red-movil","shopFilter":false,"displayAs":null}},{"attrKeyId":919,"id":3111,"v":"https://www.youtube.com/watch?v=UJtG1mUwjc4","urlV":"https-www-youtube-com-watch-v-u-jt-g1m-uwjc4","displayValue":null,"displayMedia":null,"attrKey":{"id":919,"k":"link-yt","urlK":"link-yt","shopFilter":false,"displayAs":null}}],"categories":[{"id":196743,"name":"Celulares, Notebooks Y Tecnología","urlName":"celulares-notebooks-y-tecnologia","familyNames":["Celulares, Notebooks Y Tecnología"],"familyUrlNames":["celulares-notebooks-y-tecnologia"],"pos":1,"parentId":null},{"id":196744,"name":"Celulares Y Teléfonos","urlName":"celulares-y-telefonos","familyNames":["Celulares, Notebooks Y Tecnología","Celulares Y Teléfonos"],"familyUrlNames":["celulares-notebooks-y-tecnologia","celulares-y-telefonos"],"pos":2,"parentId":196743},{"id":196980,"name":"Celulares Libres","urlName":"celulares-libres","familyNames":["Celulares, Notebooks Y Tecnología","Celulares Y Teléfonos","Celulares Libres"],"familyUrlNames":["celulares-notebooks-y-tecnologia","celulares-y-telefonos","celulares-libres"],"pos":3,"parentId":196744}],"tags":[{"id":26,"name":"EnvioGratis"},{"id":23,"name":"Ahora6"},{"id":25,"name":"Ahora3"},{"id":24,"name":"Ahora3SinInteres"},{"id":27,"name":"Ahora6SinInteres"},{"id":179,"name":"promo202403"}],"info":{"description":"Samsung Galaxy Z Fold5 5G Dual-SIM 256 GB / 12 GB RAM Blue","templateKey":"descriptionAndAttrs","templateData":{"description":"Android | Dual-SIM (eSIM) | 50 MP | Expert RAW | 8K | 12 GB RAM | 256GB ROM | Foldable Dynamic AMOLED 2X | Corning® Gorilla® Glass Victus™ 2 | ARMOR ALUMINUM | IPX8\n\n LA POTENCIA DE UNA PC, AHORA, EN TU BOLSILLO\n\nConocé el smartphone con una gran pantalla, como un cine móvil. La que es tanto una consola de juegos emocionante como una herramienta multipantalla y multitarea. Y se completa con una potente cámara de calidad profesional. Todo plegado en tus manos. \n\nLO ÚLTIMO EN PANTALLA PRINCIPAL DE 7,6”\n\nDesplegá una pantalla impresionante e inmersiva, rediseñada para ofrecerte juegos como nunca antes, visualización cinematográfica donde quiera que estés y productividad estilo PC, todo en un dispositivo del tamaño de una tablet.\n\nNUESTRO GALAXY Z FOLD MÁS LIVIANO Y COMPACTO\n\nLas leyes de la física no tienen nada en este diseño nivelado. El Galaxy Z Fold5 hace honor a su nombre al plegarse para cerrar, lo que hace que una pantalla enorme quepa en tu bolsillo desafiando a toda lógica.\n\nAbrilo, plegalo para cerrarlo o dejalo abierto en el ángulo perfecto. La bisagra flexible rediseñada es una maravilla técnica que se dobla a tu gusto.\n\nMVP DE 50 MP\n\nNo solo es un sistema de cámara avanzado, este formato único con dos amplias pantallas te permite configurar tu smartphone como un estudio móvil, con Space Zoom de 30x. Para que puedas capturar, volver a capturar, hacer zoom y editar con un nuevo nivel de libertad creativa.\n\nDUAL PREVIEW PONE AL PROTAGONISTA EN CONTROL\n\nDesplegá el Galaxy Z Fold5 para mostrar al modelo exactamente lo que estás viendo en el visor.16 De esta manera, podrá ajustar su postura y retocarse el pelo para lucir lo mejor posible.\n\nCONVERTÍ LA LUZ TENUE EN TU NUEVO AJUSTE FAVORITO\n\nDesplegá la pantalla principal y capturá las fotos nocturnas de alta resolución con las que siempre soñaste: una impresionante fotografía con poca luz que captura cada momento con color y claridad.\n\nCAPTURÁ RECUERDOS CON SOLO APRETAR UN BOTÓN\n\nCon la cámara posterior, grabá videos llenos de color y detalles. Para mayor claridad, la velocidad de fotogramas automática establece la exposición óptima de un momento a otro, logrando que el video se mantenga brillante de principio a fin.\n\nMÚLTIPLES EXPOSICIONES. UN RESULTADO PERFECTO\n\nDescargá Expert RAW para capturar y perfeccionar tus fotografías como un profesional. Explorá efectos especiales fáciles de usar, como la exposición múltiple. Tomá y combiná hasta nueve fotos en una obra de arte en capas. Y en Flex Mode, el Galaxy Z Fold5 se convierte en su propio trípode: estable y con manos libres.\n\nMÁS DELGADO, LIGERO Y PORTÁTIL QUE NUNCA\n\nLogramos reducir la forma para un agarre más firme de lo que te gusta sin sacrificar nada de potencia.\n\nY AHORA PARA DELEITAR TUS OJOS\n\n1750 nits lo mantienen brillante. Incluso con luz directa. Se reproduce un video en la pantalla principal del Galaxy Z Fold5 en Flex Mode. El panel del Flex Mode muestra los controles de reproducción en la mitad inferior de la pantalla. No te preocupes por la luz del sol que arruina tu vista mientras disfrutas de una experiencia cinematográfica en la pantalla principal de 7,6 pulgadas. Sentirás que estás justo en medio de la acción, con el Galaxy Z Fold5 emitiendo hasta 1750 nits de brillo.\n\nDISFRUTÁ TODO EL DÍA\n\nUn smartphone tan impresionante que querrás tenerlo todo el tiempo. Y con un enorme sistema de batería doble de 4400 mAh, podés hacerlo. Junto con un procesador avanzado, ajusta de forma eficiente el uso de la energía a tus hábitos y necesidades, haciendo que una carga dure más que nunca.\n\nJUEGOS POTENTES CON EL SNAPDRAGON MÁS RÁPIDO HASTA LA FECHA EN UN GALAXY Z FOLD\n\nImpulsá tu camino hacia la victoria con el hardware y el software actualizados de la plataforma móvil Snapdragon® 8 Gen 2 Mobile Platform for Galaxy. Este procesador de alto rendimiento alimenta el juego a nivel profesional.\n\nVENTANA MÚLTIPLE. TU ARMA SECRETA PARA LAS MULTITAREAS\n\nLa experiencia multitarea más avanzada en un teléfono inteligente Samsung Galaxy. Te permite mantener tres ventanas en una pantalla, para que puedas transmitir, comprar, navegar y jugar más.\n\nLa barra de tareas tiene capacidad para hasta doce aplicaciones a la vez, ahora conservando cuatro de las más recientes, para que puedas cambiar sin esfuerzo entre las que más te gusta usar. Añadí el S Pen a tu kit de herramientas para una mayor eficiencia.\n\nPREMIUM Y RESISTENTE, POR DENTRO Y POR FUERA\n\nEl Galaxy Z Fold5 está reforzado con un resistente marco de aluminio. Esta potente carcasa hace honor a su nombre, Armor Aluminum, y protege tus pliegues de daños.\n\nNuestra nueva bisagra de doble riel es más resistente, más duradera y una belleza para contemplar.\n\nSellado herméticamente con resistencia al agua de primera calidad (*)\n\n¿EL GALAXY Z FOLD5 TIENE S PEN?\n\nAunque el S Pen es compatible con la pantalla principal, el Galaxy Z Fold5 no viene con un S Pen, el S Pen Fold Edition para Galaxy Z Fold5 se vende por separado.\n\n¿CUÁL ES LA DIFERENCIA ENTRE UN GALAXY Z FOLD4 Y UN GALAXY Z FOLD5?\n\nCon 253 gramos, el Galaxy Z Fold5 es 10 gramos más liviano que el Galaxy Z Fold4. También es más fino que el Galaxy Z Fold4. Desplegado, tiene un grosor de 6,1 milímetros, mientras que su predecesor mide 6,3 milímetros. Plegado, es un dispositivo de 13,4 milímetros más fácil de transportar de forma uniforme, mientras que el Galaxy Z Fold4 mide 15,8 milímetros en la bisagra y 14,2 milímetros en el borde exterior. Un procesador mejorado eleva el rendimiento del Galaxy Z Fold5 en todos los ámbitos, con un rendimiento de CPU mejorado en un 18%, un 32% de GPU y un 25% de NPU en comparación con el Galaxy Z Fold4.\n\nDISPOSITIVO LIBRE DE FÁBRICA PARA CUALQUIER COMPAÑÍA DE TELECOMUNICACIONES MÓVILES.\n\n(*) Según las condiciones de prueba de laboratorio, puede sumergirse en hasta 1,5 metros de agua dulce durante un máximo de 30 minutos. No recomendado en playas ni piscinas. La resistencia al agua y al polvo no es permanente y puede disminuir con el uso normal. La clasificación IPX8 es no resistente al polvo.\n"},"customizationKey":null,"customizationData":null,"related":null,"upsells":null}}}},"success":true,"status":200}