{"data":{"nextStepKey":"payment","checkout":{"order":{"id":null,"total":2595000,"isSimple":false,"mainStatus":"pending","paymentStatus":"pending","totalPaid":0,"chash":"508641eab93e1d3ff3f3a5385d85b9e3ae8257c2","stockControl":0,"userId":47128,"contextId":2,"currencyId":1,"user":{"id":47128,"accountEmail":"nalado4430@kravify.com","contactEmail":"nalado4430@kravify.com","firstname":"Juan","lastname":"Robledo","idNumber":"11111111","blacklisted":false,"createdAt":"2024-04-12T01:33:01.000Z","phoneCountryId":9,"phoneAreaCode":"11","phoneNumber":"42434534","fullPhone":"(+54) 1142434534","fixedIdentityFields":false},"items":[{"id":null,"qty":1,"refId":"ca1f04f6-2e49-487f-8ba7-5a34c233e174","refType":"product","sku":"SASMF946BLBLAR","name":"Samsung Galaxy Z Fold5 5G Dual-SIM 256 GB / 12 GB RAM Blue","descriptions":null,"initPrice":3459999,"initTotal":3459999,"discount":864999,"discountTotal":864999,"discountsNames":[],"discountPct":25,"price":2595000,"total":2595000,"orderDiscount":0,"orderDiscountPct":0,"orderDiscountTotal":0,"finalPrice":2595000,"finalTotal":2595000,"surchargePct":null,"surcharge":null,"finalDiscount":864999,"finalDiscountPct":25,"finalDiscountTotal":864999,"reachedByOrderDiscount":false,"image":{"id":3158009,"url":"uploads/54308f8366a79b08133aa6a1e2ebfcb04999f6d4.jpg","location":"cdn","type":"image","contentType":"image/jpeg","alt":"Samsung Galaxy Z Fold5 5G Dual-SIM 256 GB / 12 GB RAM Blue","data":{"width":270,"height":270},"fullUrl":"https://d2eebw31vcx88p.cloudfront.net/garbarino/uploads/54308f8366a79b08133aa6a1e2ebfcb04999f6d4.jpg"},"packages":[{"width":137,"height":163,"length":30,"weight":330}],"unitMetric":"unidad/es","packMetric":null,"metricFactor":1,"packQty":1,"type":"physical","digital":null,"customization":null,"customData":{"categories":[{"id":196743,"name":"Celulares, Notebooks Y Tecnología"},{"id":196744,"name":"Celulares Y Teléfonos"},{"id":196980,"name":"Celulares Libres"}],"brand":{"id":1519,"name":"Samsung"},"refPrice":2595000},"makingTime":null,"availabilityDate":null,"externalId":"331013468","ean":"8806095107813","supplier":null,"cartData":{"collectionsIds":["6","25","26","30","31","39","55","57","69","120","148","149","155","156","167"],"productId":"20e16b85-a660-4d74-b87e-c9cecb9de043","hasUniqueVariant":true,"variantId":"ca1f04f6-2e49-487f-8ba7-5a34c233e174","urlName":"samsung-galaxy-z-fold5-5g-dual-sim-256-gb-12-gb-ram-blue","maxQty":null,"minQty":null},"cartItemId":41970,"variantName":"","finalPriceWithSurcharge":2595000,"finalTotalWithSurcharge":2595000,"priceWithSurcharge":2595000,"totalWithSurcharge":2595000,"sellerId":47,"seller":{"id":47,"name":"Visuar","active":true,"logo":null}}],"payments":[],"deliveries":[{"id":null,"status":"pending","zipcode":"1832","clientAddress":{"id":12074,"deliveryDefault":true,"invoiceDefault":true,"street":"Manuel Castro","streetNumber":"304","apartment":null,"floor":null,"comment":null,"intersection1":null,"intersection2":null,"city":"Lomas de Zamora","userId":47128,"zipcodeId":491,"zipcode":{"id":491,"code":"1832","stateId":4,"state":{"id":4,"name":"Provincia de Buenos Aires","iso":"B","countryId":9,"country":{"id":9,"name":"Argentina","iso":"AR","zipcodeValidation":"1","phoneCode":54,"phoneValidation":"^0[1-3]{1}[0-9]{9}$","langIso":"es_AR,es,en_AR,en","continentId":6,"continent":{"id":6,"name":"América del Sur","iso":"SA"}}}}},"clientZipcodeId":491,"toAddress":{"id":12074,"deliveryDefault":true,"invoiceDefault":true,"street":"Manuel Castro","streetNumber":"304","apartment":null,"floor":null,"comment":null,"intersection1":null,"intersection2":null,"city":"Lomas de Zamora","userId":47128,"zipcodeId":491,"zipcode":{"id":491,"code":"1832","stateId":4,"state":{"id":4,"name":"Provincia de Buenos Aires","iso":"B","countryId":9,"country":{"id":9,"name":"Argentina","iso":"AR","zipcodeValidation":"1","phoneCode":54,"phoneValidation":"^0[1-3]{1}[0-9]{9}$","langIso":"es_AR,es,en_AR,en","continentId":6,"continent":{"id":6,"name":"América del Sur","iso":"SA"}}}}},"toAddressLine":"Manuel Castro 304, Lomas de Zamora, Provincia de Buenos Aires, 1832","cost":0,"discount":0,"discountPct":0,"total":0,"surchargePct":0,"surcharge":0,"hasCost":true,"methodKey":"Shipping","methodName":"Envío a domicilio","integratorKey":"custom","integratorName":"Personalizado","carrierName":null,"optionKey":"envio_visuar","optionName":"Envio a Domicilio","rateKey":"__free__","data":{},"minIntegratorDeliveryTime":null,"maxIntegratorDeliveryTime":null,"integratorUsesDeliveryDow":true,"etaFromDate":"2024-04-16","etaToDate":"2024-04-18","etaMessage":"Llega entre el Martes y el Jueves 18/04","hasEta":true,"fixedEta":false,"deliveryOptionId":81,"deliveryOptionKeyname":"envio_visuar","message":null,"receiverFirstname":"Juan","receiverLastname":"Robledo","receiverIdNumber":"11111111","sku":null,"totalWithSurcharge":0,"costWithSurcharge":0,"sellerId":"47","seller":{"id":47,"name":"Visuar","active":true,"logo":null}}],"discounts":[],"currency":{"id":1,"name":"Peso","sign":"$","iso":"ARS"},"dataBySeller":[{"id":null,"itemsFinalTotal":2595000,"deliveryTotal":0,"total":2595000,"surcharge":0,"sellerId":47,"seller":{"id":47,"name":"Visuar","active":true,"logo":null}}]},"hash":"508641eab93e1d3ff3f3a5385d85b9e3ae8257c2","stepsData":{"signin":{"done":true,"payload":{}},"discount":{"done":true,"payload":{"noCode":true}},"delivery":{"done":true,"payload":{"clientAddress":{"id":12074,"deliveryDefault":true,"invoiceDefault":true,"street":"Manuel Castro","streetNumber":"304","apartment":null,"floor":null,"comment":null,"intersection1":null,"intersection2":null,"city":"Lomas de Zamora","userId":47128,"zipcodeId":491,"zipcode":{"id":491,"code":"1832","stateId":4,"state":{"id":4,"name":"Provincia de Buenos Aires","iso":"B","countryId":9,"country":{"id":9,"name":"Argentina","iso":"AR","zipcodeValidation":"1","phoneCode":54,"phoneValidation":"^0[1-3]{1}[0-9]{9}$","langIso":"es_AR,es,en_AR,en","continentId":6,"continent":{"id":6,"name":"América del Sur","iso":"SA"}}}}},"selection":{"47":{"cost":0,"currencyId":null,"hasCost":true,"toAddress":{"id":12074,"deliveryDefault":true,"invoiceDefault":true,"street":"Manuel Castro","streetNumber":"304","apartment":null,"floor":null,"comment":null,"intersection1":null,"intersection2":null,"city":"Lomas de Zamora","userId":47128,"zipcodeId":491,"zipcode":{"id":491,"code":"1832","stateId":4,"state":{"id":4,"name":"Provincia de Buenos Aires","iso":"B","countryId":9,"country":{"id":9,"name":"Argentina","iso":"AR","zipcodeValidation":"1","phoneCode":54,"phoneValidation":"^0[1-3]{1}[0-9]{9}$","langIso":"es_AR,es,en_AR,en","continentId":6,"continent":{"id":6,"name":"América del Sur","iso":"SA"}}}}},"deliveryOptionId":81,"deliveryOptionKeyname":"envio_visuar","sellerId":47,"methodKey":"Shipping","methodName":"Envío a domicilio","integratorKey":"custom","integratorName":"Personalizado","optionKey":"envio_visuar","optionName":"Envio a Domicilio","rateKey":"__free__","carrierName":null,"message":null,"data":{},"toAddressLine":"Manuel Castro 304, Lomas de Zamora, Provincia de Buenos Aires, 1832","hasEta":true,"etaMessage":"Llega entre el Martes y el Jueves 18/04","etaFromDate":"2024-04-17T02:41:57.056Z","etaToDate":"2024-04-19T02:41:57.056Z","sku":null,"checkoutGroup":null,"hash":"79052c5e2e0ed205eac030948c83369f2b891011","discountPct":0,"discount":0,"total":0}},"receiver":{"firstname":"Juan","lastname":"Robledo","idNumber":"11111111"}},"defaultAddressId":12074},"payment":{"done":false,"payload":{}},"contact":{"done":false,"payload":{}},"confirm":{"done":false,"payload":{}}},"checker":{"items":"53ae0935749b138c360f03e9f5d0c8469ca99028","total":"a40553f07f10ec05115d346235fea9891ef7c1d3"},"checkerTest":{"itemsChanged":false,"totalChanged":false,"passed":true},"calculatedUntil":2}},"success":true,"status":200}