﻿"Transaction Name","Number of Transactions"
"Action_Transaction","10"
"vuser_end_Transaction","10"
"vuser_init_Transaction","10"
"Whole_workflow_01-Alive","10"
"Whole_workflow_02-Questions","10"
"Whole_workflow_03-Create","10"
"Whole_workflow_04-User-Questions","10"
"Whole_workflow_05-Update-Password","10"
"Whole_workflow_06-Login","10"
"Whole_workflow_07-Create-Credential","10"
"Whole_workflow_08-List","10"
"Whole_workflow_09-Search","10"
"Whole_workflow_10-Update-credential","10"
"Whole_workflow_11-Get-credential","10"
"Whole_workflow_12-Delete-credential","10"
"Whole_workflow_13-Export","10"
"Whole_workflow_14-Delete-account","10"
