{"sl":{"auto":"Detectar idioma","af":"afrikáans","ay":"aimara","sq":"albanés","de":"alemán","am":"amhárico","ar":"árabe","hy":"armenio","as":"asamés","az":"azerí","bm":"bambara","bn":"bengalí","bho":"bhoyapurí","be":"bielorruso","my":"birmano","bs":"bosnio","bg":"búlgaro","km":"camboyano","kn":"canarés","ca":"catalán","ceb":"cebuano","cs":"checo","ny":"chichewa","zh-CN":"chino","si":"cingalés","ko":"coreano","co":"corso","ht":"criollo haitiano","hr":"croata","da":"danés","dv":"divehi","doi":"dogri","sk":"eslovaco","sl":"esloveno","es":"español","eo":"esperanto","et":"estonio","eu":"euskera","ee":"ewé","fi":"finlandés","fr":"francés","fy":"frisio","gd":"gaélico escocés","cy":"galés","gl":"gallego","ka":"georgiano","el":"griego","gn":"guaraní","gu":"gujarati","ha":"hausa","haw":"hawaiano","iw":"hebreo","hi":"hindi","hmn":"hmong","hu":"húngaro","ig":"igbo","ilo":"ilocano","id":"indonesio","en":"inglés","ga":"irlandés","is":"islandés","it":"italiano","ja":"japonés","jw":"javanés","kk":"kazajo","rw":"kinyarwanda","ky":"kirguís","gom":"konkaní","kri":"krio","ku":"kurdo (kurmanyi)","ckb":"kurdo (sorani)","lo":"lao","la":"latín","lv":"letón","ln":"lingala","lt":"lituano","lg":"luganda","lb":"luxemburgués","mk":"macedonio","mai":"maithili","ml":"malayalam","ms":"malayo","mg":"malgache","mt":"maltés","mi":"maorí","mr":"maratí","mni-Mtei":"meiteilon (manipuri)","lus":"mizo","mn":"mongol","nl":"neerlandés","ne":"nepalí","no":"noruego","or":"oriya","om":"oromo","pa":"panyabí","ps":"pastún","fa":"persa","pl":"polaco","pt":"portugués","qu":"quechua","ro":"rumano","ru":"ruso","sm":"samoano","sa":"sánscrito","nso":"sepedi","sr":"serbio","st":"sesoto","sn":"shona","sd":"sindhi","so":"somalí","sw":"suajili","sv":"sueco","su":"sundanés","tl":"tagalo","th":"tailandés","ta":"tamil","tt":"tártaro","tg":"tayiko","te":"telugu","ti":"tigriña","ts":"tsonga","tr":"turco","tk":"turkmeno","ak":"twi","uk":"ucraniano","ug":"uigur","ur":"urdu","uz":"uzbeco","vi":"vietnamita","xh":"xhosa","yi":"yidis","yo":"yoruba","zu":"zulú"},"tl":{"af":"afrikáans","ay":"aimara","sq":"albanés","de":"alemán","am":"amhárico","ar":"árabe","hy":"armenio","as":"asamés","az":"azerí","bm":"bambara","bn":"bengalí","bho":"bhoyapurí","be":"bielorruso","my":"birmano","bs":"bosnio","bg":"búlgaro","km":"camboyano","kn":"canarés","ca":"catalán","ceb":"cebuano","cs":"checo","ny":"chichewa","zh-CN":"chino (simplificado)","zh-TW":"chino (tradicional)","si":"cingalés","ko":"coreano","co":"corso","ht":"criollo haitiano","hr":"croata","da":"danés","dv":"divehi","doi":"dogri","sk":"eslovaco","sl":"esloveno","es":"español","eo":"esperanto","et":"estonio","eu":"euskera","ee":"ewé","fi":"finlandés","fr":"francés","fy":"frisio","gd":"gaélico escocés","cy":"galés","gl":"gallego","ka":"georgiano","el":"griego","gn":"guaraní","gu":"gujarati","ha":"hausa","haw":"hawaiano","iw":"hebreo","hi":"hindi","hmn":"hmong","hu":"húngaro","ig":"igbo","ilo":"ilocano","id":"indonesio","en":"inglés","ga":"irlandés","is":"islandés","it":"italiano","ja":"japonés","jw":"javanés","kk":"kazajo","rw":"kinyarwanda","ky":"kirguís","gom":"konkaní","kri":"krio","ku":"kurdo (kurmanyi)","ckb":"kurdo (sorani)","lo":"lao","la":"latín","lv":"letón","ln":"lingala","lt":"lituano","lg":"luganda","lb":"luxemburgués","mk":"macedonio","mai":"maithili","ml":"malayalam","ms":"malayo","mg":"malgache","mt":"maltés","mi":"maorí","mr":"maratí","mni-Mtei":"meiteilon (manipuri)","lus":"mizo","mn":"mongol","nl":"neerlandés","ne":"nepalí","no":"noruego","or":"oriya","om":"oromo","pa":"panyabí","ps":"pastún","fa":"persa","pl":"polaco","pt":"portugués","qu":"quechua","ro":"rumano","ru":"ruso","sm":"samoano","sa":"sánscrito","nso":"sepedi","sr":"serbio","st":"sesoto","sn":"shona","sd":"sindhi","so":"somalí","sw":"suajili","sv":"sueco","su":"sundanés","tl":"tagalo","th":"tailandés","ta":"tamil","tt":"tártaro","tg":"tayiko","te":"telugu","ti":"tigriña","ts":"tsonga","tr":"turco","tk":"turkmeno","ak":"twi","uk":"ucraniano","ug":"uigur","ur":"urdu","uz":"uzbeco","vi":"vietnamita","xh":"xhosa","yi":"yidis","yo":"yoruba","zu":"zulú"},"al":{}}