<?xml version="1.0" encoding="UTF-8"?><resp ver="2"><tlm><resps><resp key="1"><namespace svc="watson" ptr="generic" gp="generic" app="msedge.exe"><arg nm="p1" val="msedge.exe" /><arg nm="p2" val="122.0.2365.92" /><arg nm="p3" val="msedge_elf.dll" /><arg nm="p4" val="122.0.2365.92" /><arg nm="p5" val="3054087" /><arg nm="p6" val="utility" /><arg nm="p7" val="0x517a7ed" /><arg nm="p8" val="0" /></namespace><cmd nm="receipt"><arg nm="tm" val="133555414035973066" /><arg nm="buckettbl" val="5" /><arg nm="bucket" val="46e4ea93dcb7619018954ccd3ebee943" /><arg nm="ibucket" val="1771406472844863811" /></cmd></resp></resps></tlm></resp>