{"assignmentContext":"gGc5eakfLMLNZ57PC5gZLvPnqqToqD+cb6MIisUxk/0=","rawAssignmentContext":"d-thshldspcl40:-1;cert3cf:-1;bingbrand:-1;7c73h945:30996910;edmarkcf:30811494;shopzeroskip:30807311;shopsnoozefootertf:30829828;shopexpediatest:30864983;h8hb1407:30987085;udscopilotpro:30933267;mtamsg:30962897;edgecomposeappid:30976240;","dataVersion":54222632,"variants":[{"variantName":"7c73h945","treatmentVariables":{"edgeServerUX.composeflux":true}},{"variantName":"edmarkcf","treatmentVariables":{"edgeServerUX.Edhighcitexcf":true}},{"variantName":"h8hb1407","treatmentVariables":{"edgeServerUX.extensions.msBingCwsSingleClickInstall":true}},{"variantName":"shopsnoozefootertf","treatmentVariables":{"edgeServerUX.shopping.enableFooterForAllNotifications":true}},{"variantName":"shopexpediatest","treatmentVariables":{"edgeServerUX.shopping.merchantAbTesting":"expedia.com"}},{"variantName":"shopzeroskip","treatmentVariables":{"edgeServerUX.shopping.zeroSuccessSkip":true}}]}