{"viewId":"3be3a148-263e-9c46-9bba-3468cd361220","subtype":"com.microsoft.edge.android.sync.invalidations","id":"3be3a148-263e-9c46-9bba-3468cd361220","deviceId":"chr:mD8rnQEsa4o0CdrGpqDVEQ==","applicationId":"edge.activity.windows.com","appChannel":"stable","channelUrl":"ecm:CAbWzLCiGZ6h9tvWyeQLyLZt9o9TLgH7PvpKGfutT7PBF6LBARv7v1yb2MCUv65r6sKgM9EKD1zW+kruJljz95EZEm02E2+OZud5yZo3B1QN3NGWBJKpWY+J4XHSXfasvciR03kqLeuG8AUk4PZU/CCexwNuswvVhRw+x6BsLSFMpraFjZdX7VVyrZwXB3kt","publisherFilters":[{"platform":"host","application":"edge.activity.windows.com","activityTypes":[64,65,66,67,70,71,72,75,77,79,82,103,104,106,109,112,113],"notificationType":"NotificationOnly","activityFilterFlags":[]}],"channelUrlExpiry":"0001-01-01T00:00:00"}