{"profile":{"points":58,"rewardsPoints":58,"givePoints":0},"offers":[{"offerId":"ENUS_infomode_keep_disqualification","activityType":"131","isComplete":"False","points":0,"maxPoints":0},{"offerId":"ENUS_infomode_switch_keep_s1_100","activityType":"131","isComplete":"False","points":0,"maxPoints":100,"completionDate":"9999-12-31T23:59:59.9999999+00:00"},{"offerId":"ENUS_EdgePlusBing_NOV22_Level1","activityType":"10","isComplete":"False","points":-1,"progress":-1,"capacity":-1,"maxPoints":-1,"rewardsLevel":1},{"offerId":"ENUS_PC_DSE_202202","activityType":"9","isComplete":"False","points":0,"maxPoints":5},{"offerId":"ENUS_News_Interests","activityType":"130","isComplete":"False","points":0}],"lastupdatetime":"2024-03-22T01:04:57.6908265Z","tokens":null,"eligibleFreeTipping":false,"eligibleFreeSubscription":"","eligibleBackupPayment":false,"userType":1,"auto_open":false}