{"data":{"delivery":{"id":4111,"status":"pending","zipcode":"1832","clientAddress":{"id":12074,"deliveryDefault":true,"invoiceDefault":true,"street":"Manuel Castro","streetNumber":"304","apartment":null,"floor":null,"comment":null,"intersection1":null,"intersection2":null,"city":"Lomas de Zamora","userId":47128,"zipcodeId":491,"zipcode":{"id":491,"code":"1832","stateId":4,"state":{"id":4,"name":"Provincia de Buenos Aires","iso":"B","countryId":9,"country":{"id":9,"name":"Argentina","iso":"AR","zipcodeValidation":"1","phoneCode":54,"phoneValidation":"^0[1-3]{1}[0-9]{9}$","langIso":"es_AR,es,en_AR,en","continentId":6,"continent":{"id":6,"name":"América del Sur","iso":"SA"}}}}},"clientZipcodeId":491,"toAddress":{"id":12074,"deliveryDefault":true,"invoiceDefault":true,"street":"Manuel Castro","streetNumber":"304","apartment":null,"floor":null,"comment":null,"intersection1":null,"intersection2":null,"city":"Lomas de Zamora","userId":47128,"zipcodeId":491,"zipcode":{"id":491,"code":"1832","stateId":4,"state":{"id":4,"name":"Provincia de Buenos Aires","iso":"B","countryId":9,"country":{"id":9,"name":"Argentina","iso":"AR","zipcodeValidation":"1","phoneCode":54,"phoneValidation":"^0[1-3]{1}[0-9]{9}$","langIso":"es_AR,es,en_AR,en","continentId":6,"continent":{"id":6,"name":"América del Sur","iso":"SA"}}}}},"toAddressLine":"Manuel Castro 304, Lomas de Zamora, Provincia de Buenos Aires, 1832","cost":0,"discount":0,"discountPct":0,"total":0,"surchargePct":0,"surcharge":0,"hasCost":true,"methodKey":"Shipping","methodName":"Envío a domicilio","integratorKey":"custom","integratorName":"Personalizado","carrierName":null,"optionKey":"envio_visuar","optionName":"Envio a Domicilio","rateKey":"__free__","data":{},"minIntegratorDeliveryTime":null,"maxIntegratorDeliveryTime":null,"integratorUsesDeliveryDow":true,"etaFromDate":"2024-04-16","etaToDate":"2024-04-18","etaMessage":"Llega entre el Martes y el Jueves 18/04","hasEta":true,"fixedEta":false,"deliveryOptionId":81,"deliveryOptionKeyname":"envio_visuar","message":null,"receiverFirstname":"Juan","receiverLastname":"Robledo","receiverIdNumber":"11111111","packageData":null,"packageError":null,"externalData":null,"externalReference":null,"sku":null,"totalWithSurcharge":0,"costWithSurcharge":0,"updatedAt":"2024-04-12T02:06:03.000Z","orderId":"1ee470a2-c755-42d3-b95a-bef0a26be671","sellerId":47,"seller":{"id":47,"name":"Visuar","active":true,"logo":null}}},"success":true,"status":200}