{"OutputFileHashSum":"05D0A4DF3E5C8176EC69A20678BA4D9CCBF60818DCAB902DD520D8C982CA887C","Converted":true,"OutputModifyDate":"2024-04-05T02:13:45.4940659Z","Metadatas":[{"CategoryName":"VuGen.Replay","Offset":638,"Length":23,"TypeId":1},{"CategoryName":"VuGen.Replay","Offset":2292,"Length":62,"TypeId":2},{"CategoryName":"VuGen.Replay","Offset":2354,"Length":100,"TypeId":2},{"CategoryName":"VuGen.Replay","Offset":2641,"Length":70,"TypeId":2},{"CategoryName":"VuGen.Replay","Offset":5815,"Length":128,"TypeId":2},{"CategoryName":"VuGen.Replay","Offset":5943,"Length":70,"TypeId":2},{"CategoryName":"VuGen.Replay","Offset":6201,"Length":128,"TypeId":2},{"CategoryName":"VuGen.Replay","Offset":6329,"Length":80,"TypeId":2},{"CategoryName":"VuGen.Replay","Offset":6908,"Length":138,"TypeId":2},{"CategoryName":"VuGen.Replay","Offset":7046,"Length":77,"TypeId":2},{"CategoryName":"VuGen.Replay","Offset":8404,"Length":961,"TypeId":5},{"CategoryName":"VuGen.Replay","Offset":9502,"Length":135,"TypeId":2},{"CategoryName":"VuGen.Replay","Offset":9637,"Length":79,"TypeId":2},{"CategoryName":"VuGen.Replay","Offset":11969,"Length":137,"TypeId":2},{"CategoryName":"VuGen.Replay","Offset":12129,"Length":21,"TypeId":1}],"MetadataTypes":[{"CategoryName":"VuGen.Replay","MetadataTypeName":"HP.LR.Vugen.Iteration","Id":1},{"CategoryName":"VuGen.Replay","MetadataTypeName":"HP.LR.Vugen.NotifyTransaction","Id":2},{"CategoryName":"VuGen.Replay","MetadataTypeName":"Utt.Debugger.Error","Id":3},{"CategoryName":"VuGen.Replay","MetadataTypeName":"HP.LR.Vugen.NotifyAny","Id":4},{"CategoryName":"VuGen.Replay","MetadataTypeName":"Utt.Debugger.Warning","Id":5}]}